Country Name,Country Code,Series Name,Series Code,2000 [YR2000],2002 [YR2002],2003 [YR2003],2004 [YR2004],2005 [YR2005],2006 [YR2006],2007 [YR2007],2008 [YR2008],2009 [YR2009],2010 [YR2010],2011 [YR2011],2012 [YR2012],2013 [YR2013],2014 [YR2014],2015 [YR2015],2016 [YR2016],2017 [YR2017],2018 [YR2018],2019 [YR2019],2020 [YR2020],2021 [YR2021],2022 [YR2022]
Afghanistan,AFG,Political Stability - Governance estimate (approx. -2.5 to +2.5),GOV_WGI_PV.EST,-2.8505004,-2.43357069999999,-2.387388,-2.1912579,-2.133959,-2.1468441,-2.3604939,-2.53508629999999,-2.4492355,-2.53097419999999,-2.5512555,-2.5040196,-2.699732,-2.3186705,-2.48125299999999,-2.4834928,-2.61393089999999,-2.5824048,-2.5893714,-2.5896897,-2.4506389,-2.4492487
Albania,ALB,Political Stability - Governance estimate (approx. -2.5 to +2.5),GOV_WGI_PV.EST,-1.2463975,-0.6545571,-0.43559,-0.6084853,-0.6100173,-0.549163,-0.188559199999999,-0.0276847,-0.0272379,-0.1725061,-0.348045,-0.3697641,-0.1931708,0.2608816,0.1252711,0.1659701,0.1638298,0.1502032,0.00437499999999999,-0.0049854,0.0239536,0.0115425
Algeria,DZA,Political Stability - Governance estimate (approx. -2.5 to +2.5),GOV_WGI_PV.EST,-1.6027185,-1.73402489999999,-1.6466235,-1.3060631,-0.8578446,-1.055417,-1.0604958,-0.9964923,-1.18034059999999,-1.31766989999999,-1.43622689999999,-1.2861441,-1.3382043,-1.1769102,-1.049624,-1.12458449999999,-0.929504599999999,-0.6370211,-1.06252749999999,-0.883733299999999,-0.9009933,-0.8074555
American Samoa,ASM,Political Stability - Governance estimate (approx. -2.5 to +2.5),GOV_WGI_PV.EST,..,..,..,0.4095694,0.7112288,0.715717,0.99494,0.9940271,1.0047762,0.9942908,0.9847551,0.9837485,0.9806728,1.2631079,1.2607488,1.2548748,1.2555945,1.2606571,1.2471192,1.2465402,1.2442687,1.2481785
Andorra,AND,Political Stability - Governance estimate (approx. -2.5 to +2.5),GOV_WGI_PV.EST,1.2490265,1.2512043,1.317703,1.0449339,1.3245166,1.3279824,1.3337059,1.333001,1.3413014,1.3332046,1.3258412,1.3250639,1.3226889,1.3308928,1.3290711,1.3245352,1.3250909,1.3290002,1.5488694,1.5484064,1.5465903,1.5497163
Angola,AGO,Political Stability - Governance estimate (approx. -2.5 to +2.5),GOV_WGI_PV.EST,-2.4455505,-1.8157925,-1.25069229999999,-1.1591344,-0.9717695,-0.6714135,-0.7470711,-0.4713481,-0.526828899999999,-0.2720682,-0.494662599999999,-0.4414594,-0.6100776,-0.5090269,-0.5591026,-0.434627999999999,-0.537214499999999,-0.4058117,-0.420703899999999,-0.6427634,-0.7936068,-0.5414068
Anguilla,AIA,Political Stability - Governance estimate (approx. -2.5 to +2.5),GOV_WGI_PV.EST,..,..,..,0.4534985,1.1812157,1.184192,1.1891071,1.1885017,1.1956297,1.5491647,1.5428413,1.5421738,1.5401343,1.2267455,1.2251811,1.221286,1.2217632,1.2251203,1.2261279,1.3857911,1.3836197,1.3873573
Antigua and Barbuda,ATG,Political Stability - Governance estimate (approx. -2.5 to +2.5),GOV_WGI_PV.EST,0.7054045,0.7075823,0.727562,0.9658169,0.7787714,0.7812606,0.7853715,0.7848652,0.7908269,0.9357643,0.9304755,0.9299172,0.9282114,0.93921,0.9161633,0.7403626,0.614623,0.7900001,0.9169085,0.9164728,0.9147636,1.0787211
Argentina,ARG,Political Stability - Governance estimate (approx. -2.5 to +2.5),GOV_WGI_PV.EST,-0.0569482,-0.6587134,-0.2505519,-0.328465399999999,0.0832070999999999,0.0814603,0.2041085,0.0112562,-0.1847801,-0.0975562,0.1203533,0.0804879,0.0324742,-0.0132091,-0.0308863,0.1932708,0.2394066,0.1204378,0.0571577,0.0552501,0.0921998,0.0576438
Armenia,ARM,Political Stability - Governance estimate (approx. -2.5 to +2.5),GOV_WGI_PV.EST,-0.8270133,-0.2690225,0.0578823,-0.2215046,-0.115940599999999,-0.1845154,0.1764597,-0.141342,0.1499282,0.0171223,-0.142543,0.0562514,-0.0281785,-0.2358315,-0.139264399999999,-0.3896011,-0.3015882,-0.00389009999999999,0.0683699,-0.2935835,-0.5019,-0.3556235
Aruba,ABW,Political Stability - Governance estimate (approx. -2.5 to +2.5),GOV_WGI_PV.EST,..,..,..,0.6292149,1.3614598,1.3644361,1.3693511,1.3687458,1.3267766,1.2560673,1.251139,1.3159088,1.3143193,1.2105482,1.209329,1.2062931,1.2066651,1.3341522,1.3349374,1.3345061,1.3328137,1.3357267
Australia,AUS,Political Stability - Governance estimate (approx. -2.5 to +2.5),GOV_WGI_PV.EST,1.4286336,1.0955179,0.9329389,0.9065585,0.9817812,1.0119464,1.0920694,1.108084,0.9940821,1.0028093,0.9549761,0.9876022,0.9563371,1.0196126,0.8032474,0.9540785,0.7831479,0.8840942,0.8454141,0.8859397,0.8536507,0.9015353
Austria,AUT,Political Stability - Governance estimate (approx. -2.5 to +2.5),GOV_WGI_PV.EST,1.0727113,1.2527913,1.0139604,0.9547247,1.0677694,1.0633138,1.3179972,1.3568437,1.2902477,1.2601717,1.2207577,1.3019271,1.287147,1.3377971,1.1389655,0.8951862,0.9266955,0.8440814,0.7878108,0.8186312,0.7543747,0.6005165
Azerbaijan,AZE,Political Stability - Governance estimate (approx. -2.5 to +2.5),GOV_WGI_PV.EST,-0.9438213,-0.9031405,-0.9887094,-1.12483969999999,-1.14968919999999,-0.986625299999999,-0.586898599999999,-0.2808866,-0.351531,-0.3145012,-0.6570897,-0.683856599999999,-0.483763999999999,-0.433564,-0.4941808,-0.5043466,-0.455635299999999,-0.3567438,-0.3373117,-0.5087721,-0.4888287,-0.542048099999999
"Bahamas, The",BHS,Political Stability - Governance estimate (approx. -2.5 to +2.5),GOV_WGI_PV.EST,1.0532862,0.8248435,0.7456716,0.6906112,0.8589463,0.7762725,0.6841232,0.7048991,0.8432738,0.9175646,0.9777309,0.9992333,0.9869744,0.8227482,0.7437356,0.7974457,0.8186672,0.7130765,0.6927555,0.7133519,0.7434332,0.8592816
Bahrain,BHR,Political Stability - Governance estimate (approx. -2.5 to +2.5),GOV_WGI_PV.EST,0.1246273,0.4797754,0.3424127,0.1508948,-0.0516002,-0.2753885,-0.1802755,-0.215733899999999,-0.2010092,-0.7371495,-1.1775267,-1.0354447,-1.2920542,-1.0441426,-0.9584379,-0.909807199999999,-1.0066263,-0.8677102,-0.603362,-0.5964745,-0.5041164,-0.482549599999999
Bangladesh,BGD,Political Stability - Governance estimate (approx. -2.5 to +2.5),GOV_WGI_PV.EST,-0.812562999999999,-1.2449478,-1.2322975,-1.3285917,-1.7911255,-1.6643404,-1.5675758,-1.476262,-1.51053059999999,-1.4437712,-1.4544464,-1.4690337,-1.771799,-1.0510112,-1.331635,-1.3416192,-1.3289506,-1.02517179999999,-0.996755,-1.01518479999999,-1.0535518,-1.0954422
Barbados,BRB,Political Stability - Governance estimate (approx. -2.5 to +2.5),GOV_WGI_PV.EST,0.8841689,0.8856588,0.7682747,0.9561667,1.0758617,0.9369694,1.0877484,1.16109,1.2798948,1.1818697,1.173978,1.2347483,1.216274,1.3382083,1.1290517,0.839715,0.8399905,0.8002803,0.9758945,1.0680614,1.0845669,1.2066625
Belarus,BLR,Political Stability - Governance estimate (approx. -2.5 to +2.5),GOV_WGI_PV.EST,0.2638464,0.3395866,0.7235293,0.0167691,0.3382598,0.1789591,0.3235627,0.443727,0.3534137,-0.0852672,-0.0818477,0.00362419999999999,0.0177012,0.1349975,0.1165415,0.2027723,0.0265511,0.2676565,0.4258145,-0.818298499999999,-0.616372399999999,-0.6168791
Belgium,BEL,Political Stability - Governance estimate (approx. -2.5 to +2.5),GOV_WGI_PV.EST,1.1723761,1.1338998,0.8724133,0.6781943,0.8170464,0.8276559,0.8536941,0.7115581,0.9641541,0.9164492,0.9302398,0.9449853,0.9488863,0.786586,0.6581707,0.4864269,0.3647602,0.4247021,0.3774033,0.3686413,0.461917,0.2465264
Belize,BLZ,Political Stability - Governance estimate (approx. -2.5 to +2.5),GOV_WGI_PV.EST,0.0971477999999999,0.340663,0.3686073,0.2908113,0.0640729999999999,0.0840894,0.161615,0.1436564,-0.0105185,0.0218801,0.0910169,0.0905854,0.0892671,0.032488,0.0315234,0.02715,0.0274572,0.0296183,0.1334022,0.6026689,0.3568757,0.7353533
Benin,BEN,Political Stability - Governance estimate (approx. -2.5 to +2.5),GOV_WGI_PV.EST,0.6165498,0.6190757,0.5773695,0.1768396,0.4644931,0.6060891,0.4554713,0.477051,0.4200295,0.3130091,0.3444706,0.3524209,0.3313874,0.1371161,0.117506,0.2420032,0.3155886,0.1649971,-0.197976799999999,-0.283192699999999,-0.4106645,-0.4373008
Bermuda,BMU,Political Stability - Governance estimate (approx. -2.5 to +2.5),GOV_WGI_PV.EST,0.7054045,0.7075823,0.702405,0.6303306,0.7721071,0.7750833,0.7799984,0.779393,0.786521,0.959812,0.9534886,0.9528211,0.9507816,0.8176369,0.8160725,0.8121773,0.8126545,0.9762284,0.977236,0.9766825,0.974511,0.9782486
Bhutan,BTN,Political Stability - Governance estimate (approx. -2.5 to +2.5),GOV_WGI_PV.EST,0.4028657,0.5323159,0.7701516,0.8706687,1.2026354,1.021296,0.4577684,0.6582714,0.8300522,0.7505364,0.7467369,0.7756826,0.7771733,1.1573285,0.9981818,1.1113941,1.1177867,1.1151798,1.1641113,1.1154419,0.9391838,1.3224382
Bolivia,BOL,Political Stability - Governance estimate (approx. -2.5 to +2.5),GOV_WGI_PV.EST,-0.3559096,-0.345507,-0.884627699999999,-0.6014065,-0.879439099999999,-0.622095699999999,-0.632049499999999,-0.5339009,-0.2490392,-0.2159855,-0.2956719,-0.381218399999999,-0.256508,-0.2978539,-0.175327899999999,-0.2594315,-0.2207409,-0.1913596,-0.7539613,-0.3855901,-0.2859636,-0.170608899999999
Bosnia and Herzegovina,BIH,Political Stability - Governance estimate (approx. -2.5 to +2.5),GOV_WGI_PV.EST,-0.757448599999999,-0.337028699999999,-0.483694399999999,-0.2817497,-0.5961126,-0.3864629,-0.4799679,-0.4343012,-0.5894529,-0.6337606,-0.6699284,-0.590616799999999,-0.4534621,-0.0605189,-0.2551002,-0.3709896,-0.3110983,-0.2895156,-0.309193899999999,-0.2690285,-0.310701599999999,-0.248056399999999
Botswana,BWA,Political Stability - Governance estimate (approx. -2.5 to +2.5),GOV_WGI_PV.EST,1.1550115,0.8510502,1.1094733,0.9068069,1.1343572,1.2166136,1.2840151,1.2464399,1.2494369,1.2771925,1.2314867,1.2248637,1.187303,1.1504977,1.1318799,0.9837653,1.0166207,0.9948159,1.1539103,1.0835182,1.0572186,1.0798421
Brazil,BRA,Political Stability - Governance estimate (approx. -2.5 to +2.5),GOV_WGI_PV.EST,0.3964531,0.3357229,0.1101752,-0.2198219,-0.1740759,-0.2563589,-0.2225111,-0.173844299999999,0.1161689,-0.1493446,-0.1721799,-0.0995934,-0.3656427,-0.2414052,-0.4959054,-0.5263958,-0.602133799999999,-0.645190399999999,-0.722116299999999,-0.427421599999999,-0.3922756,-0.415796899999999
Brunei Darussalam,BRN,Political Stability - Governance estimate (approx. -2.5 to +2.5),GOV_WGI_PV.EST,1.352238,1.0153958,1.0479687,1.0993465,1.1115893,1.1147081,1.1198586,1.1203026,1.3123741,1.2633781,0.9587232,0.901649,0.9634698,1.2566861,1.2031979,1.0333017,1.0788022,1.1449838,1.0980607,1.1645233,1.1632013,1.175984
Bulgaria,BGR,Political Stability - Governance estimate (approx. -2.5 to +2.5),GOV_WGI_PV.EST,0.4296798,0.40517,0.1952399,0.0520694,0.3053882,0.3206462,0.3575005,0.4069274,0.3832438,0.3736482,0.3085567,0.3911291,0.1704694,0.242071,0.1823906,0.2073039,0.4061393,0.592909,0.5788167,0.4210468,0.4063981,0.3269733
Burkina Faso,BFA,Political Stability - Governance estimate (approx. -2.5 to +2.5),GOV_WGI_PV.EST,0.0927698,-0.2134057,0.0624282,-0.1499539,0.0426849,0.1098282,0.3576735,0.1570962,-0.0035975,-0.3146407,-0.6837156,-0.6478491,-0.7949543,-0.699829399999999,-0.6795154,-0.9073878,-0.855665599999999,-0.961889999999999,-1.19570659999999,-1.4159765,-1.5801637,-1.82102069999999
Burundi,BDI,Political Stability - Governance estimate (approx. -2.5 to +2.5),GOV_WGI_PV.EST,-2.50680379999999,-2.4576716,-2.4009377,-2.411696,-1.4998572,-1.2706416,-1.1429842,-1.4451741,-1.0572468,-1.6874837,-1.84318419999999,-1.9079102,-1.67571539999999,-1.06174299999999,-2.03645089999999,-2.106715,-2.0904201,-1.62367939999999,-1.66929629999999,-1.49526809999999,-1.37835589999999,-1.28089529999999
Cabo Verde,CPV,Political Stability - Governance estimate (approx. -2.5 to +2.5),GOV_WGI_PV.EST,1.2012572,0.8035322,0.9080428,0.874642,0.859853,0.9522799,0.9138623,0.8489607,1.0097317,1.0110449,1.0171202,0.8408258,0.8049926,0.6455106,0.8435225,0.827822,0.7203252,0.8387813,0.8393375,0.839032,0.8339009,0.8359641
Cambodia,KHM,Political Stability - Governance estimate (approx. -2.5 to +2.5),GOV_WGI_PV.EST,-1.0009785,-0.9341163,-0.9692824,-0.7441669,-0.659880799999999,-0.5438366,-0.5980652,-0.460177,-0.5824764,-0.3874276,-0.3236001,-0.377158799999999,-0.3707293,-0.2628078,-0.1585169,-0.0778582999999999,-0.153852799999999,-0.1054427,-0.1935314,-0.2401873,-0.1486895,-0.0739156
Cameroon,CMR,Political Stability - Governance estimate (approx. -2.5 to +2.5),GOV_WGI_PV.EST,-0.5362139,-0.8576954,-0.646501099999999,-0.5565186,-0.3681294,-0.2662983,-0.3436526,-0.5919129,-0.4490608,-0.6655279,-0.743046299999999,-0.7987418,-0.831334199999999,-0.9216987,-1.0831153,-1.1424059,-1.1934513,-1.4691248,-1.6172731,-1.6215792,-1.57868299999999,-1.6950827
Canada,CAN,Political Stability - Governance estimate (approx. -2.5 to +2.5),GOV_WGI_PV.EST,1.2454208,1.1691336,1.08017,0.7763305,0.9387293,0.9917855,1.0422531,1.0954521,1.3795675,1.0176806,1.0765359,1.0932951,1.0153332,1.1626133,1.1827978,1.1623092,1.0192144,0.9371514,0.9041813,0.9455077,0.7604154,0.5074459
Cayman Islands,CYM,Political Stability - Governance estimate (approx. -2.5 to +2.5),GOV_WGI_PV.EST,0.7054045,0.7075823,0.702405,1.0685696,1.1812157,1.184192,1.1891071,1.1885017,1.3168772,1.246168,1.2412396,1.2407194,1.2391298,1.2758384,1.2746191,0.9743726,0.974877,0.978425,1.275357,1.2749256,1.4633939,1.4663069
Central African Republic,CAF,Political Stability - Governance estimate (approx. -2.5 to +2.5),GOV_WGI_PV.EST,-1.7988239,-1.9592333,-1.7807906,-1.50732509999999,-1.4370565,-1.72564379999999,-1.7222041,-1.7034314,-1.3308075,-1.71672009999999,-1.5684755,-1.8710274,-2.14915889999999,-2.4862537,-1.8904664,-1.698431,-1.82651039999999,-1.89363629999999,-1.85285369999999,-2.3306101,-2.1689304,-1.9022515
Chad,TCD,Political Stability - Governance estimate (approx. -2.5 to +2.5),GOV_WGI_PV.EST,-1.48813289999999,-1.73850059999999,-1.4914337,-1.5041461,-1.4912872,-1.7693476,-1.72178259999999,-1.8243844,-1.0699072,-1.08974669999999,-1.1533318,-1.1726684,-1.18913009999999,-1.3290695,-1.1227573,-1.34170719999999,-1.36771589999999,-1.3603311,-1.4521212,-1.4524146,-1.689273,-1.6491593
Chile,CHL,Political Stability - Governance estimate (approx. -2.5 to +2.5),GOV_WGI_PV.EST,0.5944803,0.9746238,0.7887047,0.635196,0.9212744,0.8696697,0.7570082,0.7488143,0.8581561,0.9018874,0.5996883,0.592861,0.574319,0.7184817,0.6780588,0.5937207,0.5894191,0.6742085,0.1657239,0.1362588,0.146317,-0.004406
China,CHN,Political Stability - Governance estimate (approx. -2.5 to +2.5),GOV_WGI_PV.EST,-0.2665282,-0.4590725,-0.5750816,-0.449434399999999,-0.5590294,-0.5305461,-0.5003284,-0.553233499999999,-0.310643499999999,-0.6176124,-0.6326472,-0.6177714,-0.5627312,-0.523856099999999,-0.5462433,-0.501441799999999,-0.203288,-0.237003599999999,-0.138588699999999,-0.302661299999999,-0.259168,-0.249058199999999
Colombia,COL,Political Stability - Governance estimate (approx. -2.5 to +2.5),GOV_WGI_PV.EST,-2.1081402,-2.3753425,-2.33387919999999,-1.98778799999999,-1.9999771,-1.833559,-1.616164,-1.6443009,-1.56419059999999,-1.3306958,-1.1659142,-1.3314327,-1.29909379999999,-0.995331299999999,-0.9555119,-0.873548099999999,-0.779948499999999,-0.665561899999999,-0.9052968,-0.6819314,-1.0147831,-0.809182
Comoros,COM,Political Stability - Governance estimate (approx. -2.5 to +2.5),GOV_WGI_PV.EST,-0.5814672,-0.163334199999999,-0.968114799999999,-0.521609299999999,-0.6919084,-0.392569699999999,-0.996511599999999,-0.997106899999999,-0.505995699999999,-0.4825094,-0.5277008,-0.3950629,-0.2395935,-0.0153216999999999,-0.0966781999999999,-0.2599683,-0.1999982,-0.407626,-0.4550338,-0.4562829,-0.3981267,-0.374766
"Congo, Dem. Rep.",COD,Political Stability - Governance estimate (approx. -2.5 to +2.5),GOV_WGI_PV.EST,-2.550118,-2.2607758,-2.0947308,-2.2158548,-2.074788,-2.05310459999999,-2.0273686,-1.94149549999999,-1.53122579999999,-2.0298993,-2.1644541,-2.21679669999999,-2.2257153,-2.2481931,-2.01074219999999,-2.2189353,-2.26337839999999,-1.8967124,-1.6467983,-1.80629289999999,-1.6314631,-1.8455557
"Congo, Rep.",COG,Political Stability - Governance estimate (approx. -2.5 to +2.5),GOV_WGI_PV.EST,-1.72284099999999,-1.80875639999999,-1.2440365,-1.19743589999999,-1.26779059999999,-0.8804342,-0.8429129,-0.798681499999999,-0.381743699999999,-0.532351,-0.6251959,-0.668392299999999,-0.5775904,-0.474273699999999,-0.7582165,-0.760806,-0.7695685,-0.6896411,-0.5963817,-0.5758284,-0.517419899999999,-0.1445911
Cook Islands,COK,Political Stability - Governance estimate (approx. -2.5 to +2.5),GOV_WGI_PV.EST,..,..,..,..,..,..,..,..,1.6013433,1.5857688,1.5716047,1.5701095,1.5655411,1.5813217,..,..,..,0.9824054,1.1021535,1.1883308,1.2207442,1.194571
Costa Rica,CRI,Political Stability - Governance estimate (approx. -2.5 to +2.5),GOV_WGI_PV.EST,0.6698023,0.9303167,0.6002004,0.6926827,0.8271663,0.8662239,0.8132129,0.5795087,0.7203643,0.7938234,0.6316858,0.655542,0.6591343,0.6803966,0.7458992,0.7331119,0.7405908,0.6346654,0.6261254,0.9250217,1.0171458,1.1460641
Cote d'Ivoire,CIV,Political Stability - Governance estimate (approx. -2.5 to +2.5),GOV_WGI_PV.EST,-1.2897456,-2.2833426,-2.0672136,-2.2064965,-2.3486525,-1.90764699999999,-1.9248477,-1.8314441,-0.960599299999999,-1.84989379999999,-1.6395136,-1.5191192,-1.2086343,-1.0370019,-0.7838544,-0.8652379,-1.0411412,-0.9182691,-1.0134615,-1.16712789999999,-0.895587799999999,-0.716317499999999
Croatia,HRV,Political Stability - Governance estimate (approx. -2.5 to +2.5),GOV_WGI_PV.EST,0.3448157,0.6641828,0.6065075,0.5895756,0.5543108,0.719055,0.777978,0.7411695,0.7434322,0.6992294,0.6832234,0.6651026,0.6983074,0.6331008,0.611397,0.6354526,0.6251591,0.7689202,0.7476171,0.6477441,0.6364386,0.7321186
Cuba,CUB,Political Stability - Governance estimate (approx. -2.5 to +2.5),GOV_WGI_PV.EST,0.3752008,0.3966228,0.2949967,0.2992426,0.4196157,0.4911177,0.4217554,0.4445079,0.4583653,0.4544143,0.2361692,0.2398598,0.3041157,0.5757986,0.5847166,0.6142617,0.5729674,0.5676311,0.6592457,0.6687382,0.4994388,0.4974928
Cyprus,CYP,Political Stability - Governance estimate (approx. -2.5 to +2.5),GOV_WGI_PV.EST,0.7090873,0.3958959,0.4053342,0.3179887,0.5638796,0.6425719,0.6930853,0.8007249,0.7902511,0.7665588,0.7840771,0.7933209,0.7163623,0.7031147,0.6831374,0.7672285,0.6738103,0.6561041,0.7399069,0.4538116,0.4791734,0.3811357
Czechia,CZE,Political Stability - Governance estimate (approx. -2.5 to +2.5),GOV_WGI_PV.EST,0.6071485,0.9775056,0.9056461,0.7067447,1.0432999,1.0736057,1.0971281,1.1254325,1.0713838,1.0992694,1.1297603,1.1228486,1.1188359,1.1241036,1.100576,1.0617374,1.0199948,1.0436452,1.0363667,0.9082209,0.9968819,0.9957469
Denmark,DNK,Political Stability - Governance estimate (approx. -2.5 to +2.5),GOV_WGI_PV.EST,1.4284228,1.3888443,1.2107071,1.0083333,1.1357606,1.0918283,1.2633404,1.2312618,1.2068064,1.1703202,1.155094,1.0433934,1.0203721,1.1307994,1.0198991,0.9320841,0.9149035,1.0018359,0.8984987,0.8682976,0.8409469,0.8416401
Djibouti,DJI,Political Stability - Governance estimate (approx. -2.5 to +2.5),GOV_WGI_PV.EST,-0.5423309,-0.3636812,-0.7653435,-0.269924,-0.712164399999999,-0.1371762,-0.0004149,0.3064746,0.5407182,0.3584284,0.1177782,0.1173704,-0.2955231,-0.3843552,-0.493180099999999,-0.7074408,-0.7552217,-0.296717499999999,-0.3842768,-0.4591955,-0.5273642,-0.4774121
Dominica,DMA,Political Stability - Governance estimate (approx. -2.5 to +2.5),GOV_WGI_PV.EST,0.4335935,0.4357713,0.5176707,0.8561786,0.8478312,0.9726788,0.8544313,0.9762833,0.982245,1.098788,1.0934992,1.092941,1.0912351,1.1473784,1.1120789,0.9362782,1.1093885,1.112031,0.9867091,1.2385037,1.2367945,1.2397365
Dominican Republic,DOM,Political Stability - Governance estimate (approx. -2.5 to +2.5),GOV_WGI_PV.EST,-0.132575,-0.1599129,-0.5957007,-0.4531782,-0.3912303,-0.1540857,-0.0800328,-0.0283211,-0.0590302,-0.0570436999999999,-0.0597805999999999,0.0313944,-0.0097174,0.0549569,0.1170524,0.1555826,0.0918722,0.0030759,0.0515231,0.2361204,0.3502987,0.4914554
Ecuador,ECU,Political Stability - Governance estimate (approx. -2.5 to +2.5),GOV_WGI_PV.EST,-0.7547319,-0.851597899999999,-1.072906,-0.91787,-0.8556619,-0.7680718,-0.673285599999999,-0.559667999999999,-0.5221507,-0.6609602,-0.7429017,-0.660745199999999,-0.2633528,-0.0167487,-0.1822625,-0.1672879,-0.1273984,-0.0672488,-0.209832,-0.1513823,-0.1983083,-0.2336288
"Egypt, Arab Rep.",EGY,Political Stability - Governance estimate (approx. -2.5 to +2.5),GOV_WGI_PV.EST,-0.4457866,-0.6231042,-0.8097073,-0.880790899999999,-0.6948124,-0.676554,-0.4507884,-0.431604999999999,-0.570860599999999,-1.0007352,-1.68884559999999,-1.58945659999999,-1.8070331,-1.5091298,-1.5178167,-1.5399732,-1.4711477,-1.26200959999999,-1.19692089999999,-1.1172787,-1.066781,-0.9542974
El Salvador,SLV,Political Stability - Governance estimate (approx. -2.5 to +2.5),GOV_WGI_PV.EST,-0.0182977,-0.0263441999999999,-0.312913,-0.1469142,-0.0697981,-0.209795999999999,-0.00960999999999999,0.056355,-0.1546506,0.0373531,0.0229262,0.1962335,-0.1174817,-0.1004167,-0.1411131,-0.2511021,-0.3360373,-0.420064599999999,-0.2138062,-0.1497936,-0.222007099999999,-0.0998814
Equatorial Guinea,GNQ,Political Stability - Governance estimate (approx. -2.5 to +2.5),GOV_WGI_PV.EST,-0.00462679999999999,-0.5037416,-0.2622451,-0.4790063,-0.640655699999999,0.1001595,0.1039401,-0.0665767,0.2160624,0.1280299,-0.0605353999999999,-0.0777002,-0.1980612,-0.5596512,-0.5106021,-0.404997699999999,-0.3950453,-0.3808707,-0.3400881,-0.380621,-0.3214725,-0.3481526
Eritrea,ERI,Political Stability - Governance estimate (approx. -2.5 to +2.5),GOV_WGI_PV.EST,-1.7330086,-0.7069428,-0.9830762,-0.8200001,-0.927151699999999,-0.8838642,-0.9933451,-0.7912203,-0.666870899999999,-0.8910469,-0.8949954,-0.9125405,-0.983509699999999,-0.651784799999999,-0.7893504,-0.7487988,-0.834184199999999,-0.9260353,-0.9764301,-1.0705711,-1.02707899999999,-1.0696541
Estonia,EST,Political Stability - Governance estimate (approx. -2.5 to +2.5),GOV_WGI_PV.EST,0.9095174,0.8618593,0.9085482,0.6181856,0.6875963,0.7247609,0.7383006,0.6674362,0.6666147,0.7732081,0.7183725,0.704313,0.8630858,1.024732,0.8918499,0.8731492,0.8425161,0.7988248,0.8235862,0.9178902,0.8879044,0.8742633
Eswatini,SWZ,Political Stability - Governance estimate (approx. -2.5 to +2.5),GOV_WGI_PV.EST,-0.2898214,-0.1805152,-0.242017799999999,-0.2902148,-0.479008599999999,-0.2415542,-0.0991317999999999,-0.1724578,0.0509459,-0.0016446,-0.539824699999999,-0.5257872,-0.547354999999999,-0.3976089,-0.4462561,-0.4484062,-0.380332699999999,-0.5468116,-0.3182636,-0.1948628,-0.428643699999999,-0.400835
Ethiopia,ETH,Political Stability - Governance estimate (approx. -2.5 to +2.5),GOV_WGI_PV.EST,-1.3044886,-1.50860329999999,-1.5308526,-1.23452989999999,-1.63723739999999,-1.68960159999999,-1.6868659,-1.66091829999999,-1.3102757,-1.5760665,-1.5281949,-1.613535,-1.3952471,-1.1765231,-1.26354339999999,-1.43965759999999,-1.5195725,-1.2054246,-1.1789771,-1.5934093,-2.0139565,-1.8659545
Fiji,FJI,Political Stability - Governance estimate (approx. -2.5 to +2.5),GOV_WGI_PV.EST,0.2537645,0.370257,0.3667151,0.1824726,0.3524398,-0.1642534,-0.0062727,-0.1027295,-0.172265199999999,-0.177588399999999,-0.1217703,-0.1223286,-0.124034399999999,0.3275632,0.3263655,0.7205988,0.3819841,0.6984111,0.6881602,0.6004415,0.6663534,0.782553
Finland,FIN,Political Stability - Governance estimate (approx. -2.5 to +2.5),GOV_WGI_PV.EST,1.6611776,1.6559791,1.6280328,1.3697981,1.5071144,1.4689255,1.5017361,1.4575265,1.4999268,1.4608384,1.4052403,1.3727278,1.3332335,1.3181701,1.1347824,1.0609919,1.1388152,1.041505,0.9978349,1.1572607,1.1287431,1.0892287
France,FRA,Political Stability - Governance estimate (approx. -2.5 to +2.5),GOV_WGI_PV.EST,0.8231818,0.8013429,0.3434671,0.3900905,0.4622453,0.5971816,0.6512556,0.6388366,0.5084249,0.7401354,0.5880869,0.6152427,0.4916417,0.3877863,0.1735665,-0.0415329,0.229972,0.1043516,0.2040672,0.1270887,0.1241525,0.0198376
French Guiana,GUF,Political Stability - Governance estimate (approx. -2.5 to +2.5),GOV_WGI_PV.EST,-0.1100285,0.1639603,0.158783,-0.0736501,0.1676068,0.0054865,0.0104016,0.0097962,0.2023411,0.1316319,0.1267035,0.1261833,0.1245937,0.3173906,0.3161713,0.3131355,0.3135074,0.3161239,0.2573287,0.3817679,0.3800755,0.5424152
French Polynesia,PYF,Political Stability - Governance estimate (approx. -2.5 to +2.5),GOV_WGI_PV.EST,..,..,..,..,..,..,..,..,..,..,..,..,..,..,..,..,..,..,0.9033343,0.9517964,1.0386429,1.0479309
Gabon,GAB,Political Stability - Governance estimate (approx. -2.5 to +2.5),GOV_WGI_PV.EST,0.3575739,0.0922328999999999,-0.1685302,-0.0109077,0.0508535,0.0509,0.1412457,0.0709964,-0.115327699999999,-0.000929999999999999,-0.0247919,0.0644217,-0.0012508,-0.0865664999999999,-0.1148078,-0.534579199999999,-0.4524644,-0.393451,-0.2805716,-0.2194997,-0.28203,-0.1324826
"Gambia, The",GMB,Political Stability - Governance estimate (approx. -2.5 to +2.5),GOV_WGI_PV.EST,0.3153329,0.4777181,0.0176281,-0.0950719999999999,-0.0459223,-0.1468782,-0.0203999999999999,-0.0120161,0.1514336,0.0735716999999999,-0.0174454,-0.221411399999999,-0.2420331,-0.3503537,-0.210501599999999,-0.446274,-0.196953699999999,-0.115459499999999,0.0678807,0.1363877,0.0231959,0.1344853
Georgia,GEO,Political Stability - Governance estimate (approx. -2.5 to +2.5),GOV_WGI_PV.EST,-1.63455019999999,-1.6613597,-1.61200109999999,-0.907027599999999,-0.7777854,-0.8124382,-0.4938217,-0.8166453,-0.7431732,-0.5609883,-0.622573199999999,-0.5006273,-0.225994399999999,-0.0248029,-0.090598,-0.0614684,-0.1125587,-0.0948569,-0.134771,-0.1271941,-0.2017684,-0.100034699999999
Germany,DEU,Political Stability - Governance estimate (approx. -2.5 to +2.5),GOV_WGI_PV.EST,1.3500041,1.0125434,0.7285007,0.7052146,0.993342,1.0364686,1.0605417,1.008294,1.0301906,0.9300893,0.895856,0.9668035,0.9567087,1.067265,0.8311441,0.7945337,0.7022243,0.8239013,0.7271723,0.6840532,0.6603045,0.5284799
Ghana,GHA,Political Stability - Governance estimate (approx. -2.5 to +2.5),GOV_WGI_PV.EST,-0.4701511,-0.2418341,-0.216514799999999,-0.1177496,0.0517114,-0.0780160999999999,-0.116125499999999,-0.145694,0.1366056,-0.0543989999999999,0.0898514,0.0333979,0.0303364,-0.0929878,-0.0228697,-0.128208,0.0663948999999999,-0.032042,0.0133997,0.0588855,-0.1622488,-0.1877453
Greece,GRC,Political Stability - Governance estimate (approx. -2.5 to +2.5),GOV_WGI_PV.EST,0.8235076,0.8168243,0.6057468,0.4724252,0.5607581,0.5122129,0.525963,0.2917478,-0.0010877,-0.0107333,-0.0776492,-0.1628976,-0.152352,-0.0700276,-0.1201405,-0.1537754,0.00694,0.351321,0.2789347,0.2996221,0.2270172,0.236947
Greenland,GRL,Political Stability - Governance estimate (approx. -2.5 to +2.5),GOV_WGI_PV.EST,..,..,..,..,..,..,..,..,1.4851242,1.467415,1.7538046,1.7528896,1.7500938,1.7597512,1.7576068,1.7522673,1.7529215,1.7575234,1.7589045,1.7581458,1.7551692,1.2502225
Grenada,GRD,Political Stability - Governance estimate (approx. -2.5 to +2.5),GOV_WGI_PV.EST,0.690345,0.6920267,0.6880288,0.6363661,0.3164372,0.3189265,0.3230374,0.322531,0.3284927,0.4428405,0.3304882,0.3758143,0.3741085,0.5970391,0.5941324,0.9130972,0.9134729,0.9161154,0.9169085,1.0425879,1.0408786,1.2048361
Guam,GUM,Political Stability - Governance estimate (approx. -2.5 to +2.5),GOV_WGI_PV.EST,..,..,..,0.3217114,0.7112288,0.715717,0.451318,0.4504051,0.4611542,0.4506688,0.7732445,0.772577,0.7705375,0.8176369,0.8160725,0.6519602,0.8126545,0.9368685,0.9450797,0.9970127,0.9953332,0.9982241
Guatemala,GTM,Political Stability - Governance estimate (approx. -2.5 to +2.5),GOV_WGI_PV.EST,-0.9180183,-0.976739799999999,-0.9245241,-0.936754499999999,-0.903124399999999,-0.877614999999999,-0.8340833,-0.7769927,-0.8012209,-0.811138399999999,-0.7531567,-0.7159854,-0.733731999999999,-0.730266499999999,-0.690917999999999,-0.6431273,-0.700759599999999,-0.6836211,-0.6944184,-0.563868399999999,-0.5740791,-0.3005447
Guinea,GIN,Political Stability - Governance estimate (approx. -2.5 to +2.5),GOV_WGI_PV.EST,-2.02533439999999,-1.81868829999999,-1.0722605,-1.20031589999999,-1.2321228,-1.83787,-2.2418868,-2.0466453,-1.80330709999999,-1.6907747,-1.53866069999999,-1.48727869999999,-1.4036079,-1.168846,-0.7463171,-0.577628599999999,-0.800407099999999,-0.930512799999999,-0.857881799999999,-1.0877324,-1.0159308,-0.813667399999999
Guinea-Bissau,GNB,Political Stability - Governance estimate (approx. -2.5 to +2.5),GOV_WGI_PV.EST,-0.665042199999999,-0.5779576,-0.4942607,-0.5076615,-0.5019447,-0.431672399999999,-0.3779434,-0.6272958,-0.5020146,-0.5652463,-0.6382914,-1.038788,-0.960841,-0.881487399999999,-0.5875693,-0.5084519,-0.582037399999999,-0.649365499999999,-0.4638332,-0.2838803,-0.3001867,-0.360252199999999
Guyana,GUY,Political Stability - Governance estimate (approx. -2.5 to +2.5),GOV_WGI_PV.EST,-0.735329799999999,-0.6448598,-0.4492941,-0.5436852,-0.4411748,-0.6630496,-0.4443427,-0.4732925,-0.4000971,-0.3589398,-0.4609717,-0.4771909,-0.5088822,-0.218368099999999,-0.150202,-0.00540029999999999,-0.0051392,-0.0410701,-0.0594026999999999,-0.00729659999999999,-0.0281476999999999,0.210713
Haiti,HTI,Political Stability - Governance estimate (approx. -2.5 to +2.5),GOV_WGI_PV.EST,-1.02629329999999,-1.5748529,-1.4445052,-1.86679559999999,-1.7445724,-1.3887429,-1.319971,-1.3616015,-1.29033469999999,-1.30874809999999,-1.26130189999999,-1.12059439999999,-0.915407899999999,-0.9222469,-0.925938199999999,-0.894686099999999,-0.834199999999999,-0.7667849,-0.9509746,-1.0389171,-1.2132391,-0.947002399999999
Honduras,HND,Political Stability - Governance estimate (approx. -2.5 to +2.5),GOV_WGI_PV.EST,-0.364466399999999,-0.3381027,-0.584014599999999,-0.6201515,-0.641384699999999,-0.6520476,-0.4582098,-0.540532799999999,-0.518668999999999,-0.6306269,-0.5252471,-0.511655899999999,-0.535936499999999,-0.6895701,-0.6604916,-0.7047922,-0.9065696,-0.864353599999999,-0.827137599999999,-0.666353099999999,-0.806377,-0.4781621
"Hong Kong SAR, China",HKG,Political Stability - Governance estimate (approx. -2.5 to +2.5),GOV_WGI_PV.EST,1.1557388,0.9969772,0.8351641,1.0328562,1.3366084,1.3735027,1.1977205,1.1781206,1.0098437,0.9990971,0.9128416,0.9387575,0.8557967,1.025742,0.8753195,0.6672047,0.6833963,0.7617643,-0.1843167,0.0079016,0.2186871,0.3891702
Hungary,HUN,Political Stability - Governance estimate (approx. -2.5 to +2.5),GOV_WGI_PV.EST,1.004162,1.2359002,1.0864226,0.8114218,1.0590737,0.9668372,0.7828904,0.7661408,0.739121,0.7770358,0.7163601,0.712188,0.8127253,0.805848,0.843542,0.6277681,0.7324048,0.6616322,0.7326156,0.7938892,0.7337253,0.6701403
Iceland,ISL,Political Stability - Governance estimate (approx. -2.5 to +2.5),GOV_WGI_PV.EST,1.5565616,1.5368353,1.4335228,1.2003873,1.3669403,1.3790391,1.482965,1.3564162,1.3402776,1.0867054,1.2313176,1.2316756,1.2538154,1.2726864,1.2622879,1.2205951,1.2503574,1.2958486,1.556416,1.3289196,1.3382488,1.2672872
India,IND,Political Stability - Governance estimate (approx. -2.5 to +2.5),GOV_WGI_PV.EST,-0.9733951,-1.2778882,-1.42092669999999,-1.0339705,-0.8561375,-0.8196652,-0.8184973,-0.7693557,-0.913954899999999,-0.942319199999999,-1.1659038,-1.15725679999999,-1.17090389999999,-0.817516599999999,-0.7619187,-0.7362183,-0.572111399999999,-0.6785888,-0.590466199999999,-0.720631199999999,-0.6015988,-0.7535037
Indonesia,IDN,Political Stability - Governance estimate (approx. -2.5 to +2.5),GOV_WGI_PV.EST,-1.90520269999999,-1.84429769999999,-2.12691289999999,-1.6568197,-1.403589,-1.1230422,-0.8635335,-0.711286,-0.637084499999999,-0.778454699999999,-0.7510901,-0.5992727,-0.6180612,-0.385008199999999,-0.5390218,-0.463383,-0.5816146,-0.5428012,-0.5802685,-0.539945999999999,-0.6496757,-0.7624666
"Iran, Islamic Rep.",IRN,Political Stability - Governance estimate (approx. -2.5 to +2.5),GOV_WGI_PV.EST,-0.6213951,-0.5266711,-0.6139157,-0.6625435,-0.6425423,-0.787821,-0.7148896,-0.748023999999999,-1.2710065,-1.52478809999999,-1.35645059999999,-1.2630067,-1.1808701,-0.726596199999999,-0.7896962,-0.6448832,-0.699442999999999,-0.9686014,-1.2556127,-1.2213247,-1.1577773,-1.1448403
Iraq,IRQ,Political Stability - Governance estimate (approx. -2.5 to +2.5),GOV_WGI_PV.EST,-1.35891419999999,-1.32746149999999,-2.4734997,-2.8423263,-2.6075798,-2.6684044,-2.59261,-2.28034329999999,-2.1115271,-2.187694,-1.91313499999999,-1.97642609999999,-2.1039641,-2.2538271,-2.2449091,-2.22917579999999,-2.1677252,-2.1719253,-2.2227253,-2.1814743,-2.1722684,-2.2294281
Ireland,IRL,Political Stability - Governance estimate (approx. -2.5 to +2.5),GOV_WGI_PV.EST,1.5185589,1.4347244,1.364074,1.0596256,1.280701,1.3008535,1.3616515,1.2978625,1.1107935,1.0812782,0.8737859,0.9454027,0.8948024,1.1679817,0.951695,0.8856802,0.9418026,0.9855531,0.9409046,0.8785787,0.7362963,0.8053599
Israel,ISR,Political Stability - Governance estimate (approx. -2.5 to +2.5),GOV_WGI_PV.EST,-0.8648943,-1.17581009999999,-1.1825503,-0.9453121,-0.923457,-0.984717099999999,-0.8267956,-0.8279647,-1.0475605,-0.756258099999999,-0.8097795,-0.776944,-0.8855141,-0.592453,-0.6113908,-0.354649699999999,-0.4501475,-0.3446955,-0.4361137,-0.567841399999999,-0.699899199999999,-0.904996799999999
Italy,ITA,Political Stability - Governance estimate (approx. -2.5 to +2.5),GOV_WGI_PV.EST,1.0781398,0.826489,0.4883646,0.3658661,0.5970244,0.5813047,0.5074765,0.6011743,0.4817721,0.5591006,0.4456142,0.4718772,0.3827968,0.4893962,0.394629,0.3518422,0.2543499,0.3723628,0.3223326,0.3322841,0.4392226,0.4124684
Jamaica,JAM,Political Stability - Governance estimate (approx. -2.5 to +2.5),GOV_WGI_PV.EST,-0.3051137,-0.4712879,-0.6133632,-0.3401516,-0.327141199999999,-0.349823,-0.2229834,-0.2884524,-0.3547882,-0.412128599999999,-0.120367599999999,0.0478137,0.1274496,0.0349026,0.0607252,0.0960441,0.1291365,0.169434,0.179033,0.1525241,0.1423135,0.4525342
Japan,JPN,Political Stability - Governance estimate (approx. -2.5 to +2.5),GOV_WGI_PV.EST,1.3326572,1.162444,1.1294391,0.9926089,1.1883301,1.2340831,1.1610812,1.0592924,1.1160327,0.9967916,0.9897212,0.9655197,1.0478848,1.2105334,1.2226375,1.1198832,1.169376,1.1378638,1.1161393,1.1325471,1.1600529,1.2758787
Jersey,JEY,Political Stability - Governance estimate (approx. -2.5 to +2.5),GOV_WGI_PV.EST,..,..,..,..,..,..,..,..,..,..,1.4513095,1.4496094,1.4444148,1.4623584,1.458374,1.4484531,1.4496687,1.458219,1.4607852,1.246013,1.2404824,1.4633644
Jordan,JOR,Political Stability - Governance estimate (approx. -2.5 to +2.5),GOV_WGI_PV.EST,-0.232087899999999,-0.619001399999999,-0.3478648,-0.339358,-0.2770266,-0.7383727,-0.2892704,-0.380681799999999,-0.4317435,-0.407725,-0.6339348,-0.5975891,-0.6862202,-0.609596,-0.6404285,-0.538077799999999,-0.444359699999999,-0.322432699999999,-0.2846298,-0.3260056,-0.390988399999999,-0.311462199999999
Kazakhstan,KAZ,Political Stability - Governance estimate (approx. -2.5 to +2.5),GOV_WGI_PV.EST,0.09126,0.2486883,0.3519678,-0.0886632,0.0846972,0.0939860999999999,0.5055201,0.4720785,0.6995969,0.4331905,-0.4304921,-0.3923638,-0.4514259,0.0295973,0.0342151,-0.0865605,-0.0563947,-0.1086366,-0.221063999999999,-0.2842993,-0.2325504,-0.5795614
Kenya,KEN,Political Stability - Governance estimate (approx. -2.5 to +2.5),GOV_WGI_PV.EST,-1.3475172,-1.23304029999999,-1.2300985,-0.9416439,-1.09707,-1.03691319999999,-1.43977089999999,-1.62118419999999,-1.5514921,-1.3827355,-1.4963456,-1.4931583,-1.1667366,-1.26316649999999,-1.2308131,-1.17914689999999,-1.1322093,-1.1196296,-1.07516719999999,-1.0502651,-1.11021939999999,-0.962236
Kiribati,KIR,Political Stability - Governance estimate (approx. -2.5 to +2.5),GOV_WGI_PV.EST,..,..,0.9514154,0.8244422,1.3245166,1.3279824,1.3337059,1.333001,1.5568619,1.5510465,1.5457577,1.5451994,1.5434936,1.281381,0.9559309,0.951395,0.9519508,0.95586,1.0992501,1.1749608,1.1647191,1.2429196
"Korea, Dem. People's Rep.",PRK,Political Stability - Governance estimate (approx. -2.5 to +2.5),GOV_WGI_PV.EST,0.3029578,0.3491798,0.2729801,-0.141557799999999,-0.126368199999999,-0.0654043,-0.0619502,-0.113058899999999,-0.2064539,-0.0471047999999999,-0.0333117999999999,-0.269017499999999,-0.5030753,-1.00560579999999,-1.0064947,-0.4555063,-0.3543859,-0.275313,-0.187036099999999,-0.187350699999999,-0.1983915,0.2686785
"Korea, Rep.",KOR,Political Stability - Governance estimate (approx. -2.5 to +2.5),GOV_WGI_PV.EST,0.4324115,0.3886948,0.335961,0.5226421,0.6581189,0.6091619,0.7506836,0.5925856,0.6309262,0.5807388,0.5406915,0.4992315,0.5061279,0.5969209,0.667684,0.5156398,0.6254761,0.8705137,0.8544821,0.8679972,0.9005342,0.855673
Kosovo,XKX,Political Stability - Governance estimate (approx. -2.5 to +2.5),GOV_WGI_PV.EST,..,-0.0088031,-0.0244009,0.1654912,0.1975151,0.2110371,0.1237776,0.7330132,0.4121892,-0.7551692,-0.810254199999999,-0.7614632,-0.7879954,-0.301981899999999,-0.2170007,-0.2852683,-0.1718171,-0.4135898,-0.106046099999999,-0.0844029999999999,0.0010881,-0.0510421999999999
Kuwait,KWT,Political Stability - Governance estimate (approx. -2.5 to +2.5),GOV_WGI_PV.EST,0.6565509,0.1909264,0.2533271,0.1877805,0.2714609,0.4019243,0.6729088,0.5819881,0.5278524,0.576776,0.326635,0.0971713999999999,0.1094954,0.0855674,-0.1466244,-0.0213093,0.0018547,0.2360921,0.2460837,0.1554026,0.1542148,0.1041664
Kyrgyz Republic,KGZ,Political Stability - Governance estimate (approx. -2.5 to +2.5),GOV_WGI_PV.EST,-0.6299215,-0.8143863,-1.1170803,-1.1211438,-1.2443254,-1.27015979999999,-0.865997799999999,-0.5213825,-0.5809063,-0.9344437,-0.997080699999999,-0.8759479,-0.816344899999999,-0.7066273,-0.7293545,-0.5531495,-0.2975366,-0.323764,-0.206819199999999,-0.5068231,-0.3876484,-0.422477
Lao PDR,LAO,Political Stability - Governance estimate (approx. -2.5 to +2.5),GOV_WGI_PV.EST,-0.6018274,-0.0799686,-1.0092662,-0.513960899999999,-0.3800286,-0.0903443,-0.153318099999999,0.0129444,-0.0651815999999999,-0.2200354,-0.072408,-0.0728091,-0.0505462999999999,0.3772453,0.4046383,0.3452009,0.2776591,0.2651475,0.3582008,0.5456553,0.583086,0.7033051
Latvia,LVA,Political Stability - Governance estimate (approx. -2.5 to +2.5),GOV_WGI_PV.EST,0.5717085,0.8974441,0.94211,0.590281,0.8556287,0.9064264,0.7458786,0.4004351,0.6126227,0.5895207,0.3810125,0.4809516,0.6227437,0.720197,0.7167386,0.6434248,0.6631827,0.6632555,0.6780506,0.726286,0.8069842,0.7798656
Lebanon,LBN,Political Stability - Governance estimate (approx. -2.5 to +2.5),GOV_WGI_PV.EST,-0.647972,-0.473161699999999,-0.5699154,-0.789231999999999,-0.994613099999999,-1.50874889999999,-1.82812929999999,-1.5049397,-1.3045394,-1.43369559999999,-1.4563703,-1.5792359,-1.6105378,-1.49478389999999,-1.3952938,-1.3333648,-1.3393518,-1.2146005,-1.3398887,-1.3492491,-1.3231817,-1.34257539999999
Lesotho,LSO,Political Stability - Governance estimate (approx. -2.5 to +2.5),GOV_WGI_PV.EST,-0.4889743,-0.3393253,-0.0961278,0.0517557,-0.0903744,-0.1298961,-0.2932114,-0.113854,0.534396,0.5816165,0.6423581,0.2654833,0.3249377,-0.172191999999999,-0.208938699999999,-0.2746129,-0.2021614,-0.1397918,-0.287980099999999,-0.1451933,-0.1334002,-0.128161
Liberia,LBR,Political Stability - Governance estimate (approx. -2.5 to +2.5),GOV_WGI_PV.EST,-1.89862319999999,-1.90646809999999,-2.06542749999999,-1.46519049999999,-1.3279822,-1.2364099,-1.16121229999999,-1.1609094,-1.0358291,-0.393152599999999,-0.473186999999999,-0.3877254,-0.364639999999999,-0.510413,-0.5851773,-0.453136899999999,-0.2701752,-0.0185577,-0.2571938,-0.220102599999999,-0.2103506,-0.2807974
Libya,LBY,Political Stability - Governance estimate (approx. -2.5 to +2.5),GOV_WGI_PV.EST,-0.3492053,-0.2474046,-0.1098149,-0.0114758,0.2379931,0.1965753,0.4998891,0.5158276,0.5227169,-0.4787846,-1.6341249,-1.5745603,-1.9032456,-2.26526939999999,-2.2100778,-2.2576529,-2.29431519999999,-2.28391459999999,-2.25895969999999,-2.2231779,-2.2069296,-2.00397249999999
Liechtenstein,LIE,Political Stability - Governance estimate (approx. -2.5 to +2.5),GOV_WGI_PV.EST,1.2490265,1.2512043,1.317703,1.1466993,1.3245166,1.3279824,1.3337059,1.333001,1.6495712,1.644869,1.6405927,1.6401413,1.638762,1.6435264,1.5056039,1.5021925,1.5026105,1.5055506,1.6431087,1.6427344,1.5846135,1.5871411
Lithuania,LTU,Political Stability - Governance estimate (approx. -2.5 to +2.5),GOV_WGI_PV.EST,0.6100705,0.9288215,1.0000414,0.6263607,0.8170275,0.7891625,0.8142957,0.7510345,0.6237603,0.7159839,0.6843003,0.7176973,0.9839797,0.936572,0.9444776,0.9545715,0.8922634,0.9070273,0.9825192,1.1506312,1.0111257,0.963939
Luxembourg,LUX,Political Stability - Governance estimate (approx. -2.5 to +2.5),GOV_WGI_PV.EST,1.5335472,1.5347147,1.3466046,1.0947844,1.2513173,1.3608359,1.4946425,1.5178517,1.4891068,1.4878051,1.3788317,1.3639242,1.316509,1.4310289,1.4125194,1.3457296,1.2715421,1.3055181,1.3055593,1.2105167,1.1450494,1.0244114
"Macao SAR, China",MAC,Political Stability - Governance estimate (approx. -2.5 to +2.5),GOV_WGI_PV.EST,0.4335935,0.4357713,0.974216,0.936718,1.2548508,0.9553274,0.3708897,0.3702844,0.35272,0.3473009,0.3423726,0.3418523,0.7532928,1.1417297,1.1400764,1.3130313,1.3135357,1.1477542,1.1488191,1.0596983,0.9688675,0.9728177
Madagascar,MDG,Political Stability - Governance estimate (approx. -2.5 to +2.5),GOV_WGI_PV.EST,0.0538724,-0.244406999999999,0.2935597,-0.0227541,-0.0435418,0.1406385,0.1026496,-0.481514999999999,-0.767109399999999,-1.1657418,-0.8035247,-0.6903891,-0.6021042,-0.5624437,-0.526357699999999,-0.4661162,-0.535016199999999,-0.7625617,-0.529453,-0.574674,-0.4612648,-0.525026099999999
Malawi,MWI,Political Stability - Governance estimate (approx. -2.5 to +2.5),GOV_WGI_PV.EST,-0.786359199999999,-0.0575040999999999,-0.216773699999999,-0.1397246,-0.0355158,-0.0703742,-0.0623315,-0.210977499999999,0.0040021,-0.0357653,-0.1906666,-0.0861299,-0.203203,-0.0287147,-0.0522558,-0.2578002,-0.313000899999999,-0.3896791,-0.2824512,-0.0766165999999999,-0.102843499999999,-0.166924
Malaysia,MYS,Political Stability - Governance estimate (approx. -2.5 to +2.5),GOV_WGI_PV.EST,0.0161149,0.3662257,0.3617264,0.1553244,0.4092882,0.2101206,0.158114,0.1350346,0.0283293,0.1752999,0.0582972,-0.0196796999999999,-0.0428372,0.0879800999999999,0.0447869,-0.0158376,-0.011848,0.1769644,0.1608892,0.1400704,0.196108,0.2483001
Maldives,MDV,Political Stability - Governance estimate (approx. -2.5 to +2.5),GOV_WGI_PV.EST,1.1350154,1.0233078,0.8715848,0.3671507,0.6725138,0.6537918,0.0053508,-0.1597836,-0.114763099999999,-0.1410869,-0.2839227,-0.3264349,-0.0388545999999999,0.4805132,0.0821002,0.079118,-0.0431782999999999,-0.135999999999999,-0.0811059,0.2036825,0.4430279,0.2721525
Mali,MLI,Political Stability - Governance estimate (approx. -2.5 to +2.5),GOV_WGI_PV.EST,-0.1842193,0.1705088,0.0765265,0.3269246,0.177881,0.4847829,0.3542953,0.306278,0.1772718,-0.130322,-0.7719954,-1.9634653,-1.6463052,-1.59000419999999,-1.5535933,-1.5338819,-1.71864139999999,-1.87828559999999,-2.05500729999999,-2.0594968,-2.3319481,-2.4680844
Malta,MLT,Political Stability - Governance estimate (approx. -2.5 to +2.5),GOV_WGI_PV.EST,1.3221725,1.2749051,1.2267079,0.8935636,1.1222549,1.0634984,1.1249849,1.1981438,1.2004623,1.2175773,1.0020842,1.0126603,0.9719428,1.0486158,0.9507103,0.9368787,1.082828,1.1121321,0.9193493,0.9914658,0.9318346,0.9316852
Marshall Islands,MHL,Political Stability - Governance estimate (approx. -2.5 to +2.5),GOV_WGI_PV.EST,..,..,0.9514154,0.9474922,0.9705879,0.9803401,0.9964451,0.9944616,1.5889495,1.3502698,1.5682717,1.5672321,1.5640556,1.5750282,1.1425008,0.8824277,1.1385207,1.14243,1.1508696,1.0394581,1.004613,1.2819745
Martinique,MTQ,Political Stability - Governance estimate (approx. -2.5 to +2.5),GOV_WGI_PV.EST,0.4335935,0.4357713,0.702405,1.0831347,1.1812157,1.184192,1.1891071,0.599149,0.6062769,0.5993238,0.5930005,0.592333,0.5902934,0.8176369,0.8160725,0.8121773,0.8126545,0.8160116,0.6568021,0.4960318,0.4938604,0.497598
Mauritania,MRT,Political Stability - Governance estimate (approx. -2.5 to +2.5),GOV_WGI_PV.EST,-0.0374667,0.0866841,-0.2889869,-0.3131249,-0.430211099999999,0.1309329,-0.158789899999999,-0.6838597,-0.5625221,-0.815385999999999,-1.0034248,-1.0990669,-1.1394547,-0.7612141,-0.776510199999999,-0.9065538,-0.7637873,-0.748524899999999,-0.645438,-0.6263455,-0.5222228,-0.2992865
Mauritius,MUS,Political Stability - Governance estimate (approx. -2.5 to +2.5),GOV_WGI_PV.EST,0.6733755,0.9327373,0.858401,0.7698343,1.0395271,0.8914789,1.0260872,1.0395312,0.5736232,0.502475,0.4718019,1.0701031,1.0531756,0.8096197,1.0248107,1.0313567,1.0144918,0.8991856,0.9291254,0.928832,0.9264413,0.8607357
Mexico,MEX,Political Stability - Governance estimate (approx. -2.5 to +2.5),GOV_WGI_PV.EST,-0.0676808,-0.1388043,-0.0924325999999999,-0.153878699999999,-0.3587092,-0.5961789,-0.6336248,-0.74551,-0.7909518,-0.8229063,-0.7251572,-0.8010179,-0.804453299999999,-0.959658599999999,-0.892263399999999,-0.833912099999999,-1.0455954,-0.927316799999999,-0.8974274,-0.7772933,-0.736204699999999,-0.5890439
"Micronesia, Fed. Sts.",FSM,Political Stability - Governance estimate (approx. -2.5 to +2.5),GOV_WGI_PV.EST,..,..,0.4720559,0.7454666,1.080277,1.0827663,1.0868771,1.0863708,1.4345035,1.2088755,1.0812283,1.08067,1.0789642,1.0732124,1.071904,1.0686461,1.0690453,1.2058557,1.009383,1.1206831,1.2268624,1.5042238
Moldova,MDA,Political Stability - Governance estimate (approx. -2.5 to +2.5),GOV_WGI_PV.EST,-0.328558299999999,-0.082243,-0.248693499999999,-0.2977569,-0.3647959,-0.211308299999999,0.0593732,-0.2408166,-0.2909869,-0.0745102,0.1492997,0.1385944,0.1501042,-0.0788413999999999,-0.1714471,-0.1842961,-0.181840299999999,-0.2383059,-0.1474608,-0.149089399999999,-0.0451684,-0.2465629
Monaco,MCO,Political Stability - Governance estimate (approx. -2.5 to +2.5),GOV_WGI_PV.EST,..,..,0.9514154,0.9183465,0.9293244,0.9339598,0.9416149,0.9406721,0.9517737,0.9409444,0.9310959,0.9300563,0.9268798,0.9378524,1.2059066,1.2026488,1.5452189,1.5480267,1.5488694,1.2062355,1.2044193,1.3786309
Mongolia,MNG,Political Stability - Governance estimate (approx. -2.5 to +2.5),GOV_WGI_PV.EST,0.6004675,0.991888,0.8598615,0.5138365,0.8633542,0.6573716,0.6918806,0.4201759,0.677234,0.6671331,0.5645353,0.604855,0.643466,0.887271,0.7608377,0.7157785,0.716039,0.7490657,0.7382926,0.7498288,0.7338327,0.6315013
Montenegro,MNE,Political Stability - Governance estimate (approx. -2.5 to +2.5),GOV_WGI_PV.EST,0.0612923,0.7503795,0.7347817,0.7293418,0.7613657,0.2036379,0.1618388,0.7371209,0.7291378,0.5091882,0.502446,0.6136633,0.5891056,0.3043294,0.2272366,0.2828464,0.0506422,0.131692,0.1956009,0.0295754,-0.0332398999999999,0.0236518
Morocco,MAR,Political Stability - Governance estimate (approx. -2.5 to +2.5),GOV_WGI_PV.EST,-0.378917799999999,-0.3083776,-0.4523723,-0.3813317,-0.5634806,-0.3798256,-0.4138396,-0.5121647,-0.4275208,-0.440469399999999,-0.5060194,-0.5760215,-0.6954656,-0.4094598,-0.4546654,-0.4710854,-0.5065227,-0.426450799999999,-0.390399499999999,-0.409449199999999,-0.4686437,-0.492008
Mozambique,MOZ,Political Stability - Governance estimate (approx. -2.5 to +2.5),GOV_WGI_PV.EST,-0.2160945,-0.1425853,-0.189112399999999,-0.2898214,-0.0829699,0.2636579,0.1182921,0.1823787,0.2678511,-0.0221082999999999,-0.0890489999999999,0.0409192,-0.495572499999999,-0.6196453,-0.6842917,-1.2808563,-1.06530219999999,-0.798038799999999,-0.8295224,-1.34575129999999,-1.2675269,-1.3208653
Myanmar,MMR,Political Stability - Governance estimate (approx. -2.5 to +2.5),GOV_WGI_PV.EST,-1.6348752,-1.51584719999999,-1.2950773,-1.0811254,-0.9344471,-0.787107799999999,-1.0447303,-1.1194619,-1.1579001,-1.0884224,-1.084601,-1.05965779999999,-1.2724274,-1.1507422,-1.123947,-1.01961219999999,-1.24136,-1.29787299999999,-1.3625611,-1.5318775,-2.09394989999999,-2.2412758
Namibia,NAM,Political Stability - Governance estimate (approx. -2.5 to +2.5),GOV_WGI_PV.EST,-0.1691489,0.0532317,0.1957486,0.4625425,0.5812349,0.703831,0.9275704,1.0648169,0.9292612,0.7872857,0.7152049,0.843349,0.8788275,0.6369054,0.7175058,0.6657313,0.6294292,0.6942559,0.5859149,0.5126308,0.5136089,0.3736395
Nauru,NRU,Political Stability - Governance estimate (approx. -2.5 to +2.5),GOV_WGI_PV.EST,..,..,0.9514154,0.9474922,0.9705879,0.9803401,0.9964451,0.9944616,1.5889495,1.5781203,1.5682717,1.5672321,1.5640556,1.4041403,1.0147322,1.0101963,0.8241821,0.8079535,0.7595804,0.7590998,0.7572142,0.9276426
Nepal,NPL,Political Stability - Governance estimate (approx. -2.5 to +2.5),GOV_WGI_PV.EST,-1.3925858,-1.9045021,-2.13845649999999,-2.1116627,-2.1457885,-1.86698569999999,-1.8213249,-1.8469133,-1.6385607,-1.5990906,-1.5205463,-1.4781419,-1.2264145,-0.8435975,-1.0154123,-0.9210801,-0.5502541,-0.495786599999999,-0.4056357,-0.250305599999999,-0.2520173,-0.3755496
Netherlands,NLD,Political Stability - Governance estimate (approx. -2.5 to +2.5),GOV_WGI_PV.EST,1.6844708,1.033487,1.1398884,0.8645759,1.0093119,0.9634029,0.9304457,0.9775963,1.0557331,0.9924275,1.0827056,1.1275327,1.0569335,1.0691945,0.9118761,0.880799,0.7820237,0.7930988,0.6985452,0.7092891,0.732977,0.6252296
Netherlands Antilles,ANT,Political Stability - Governance estimate (approx. -2.5 to +2.5),GOV_WGI_PV.EST,..,..,..,0.3656404,0.8207276,1.184192,1.1891071,1.1885017,1.1956297,1.1886766,1.1823532,1.1816857,1.1796462,1.1866913,1.1851269,1.1812317,0.7119725,..,..,..,..,..
New Caledonia,NCL,Political Stability - Governance estimate (approx. -2.5 to +2.5),GOV_WGI_PV.EST,..,..,..,..,..,..,..,..,..,..,..,..,..,..,..,..,..,0.9953247,1.0596771,1.0443731,1.1123709,1.1152109
New Zealand,NZL,Political Stability - Governance estimate (approx. -2.5 to +2.5),GOV_WGI_PV.EST,1.4272934,1.2246578,1.1780353,1.3723068,1.3418499,1.2825155,1.3369202,1.2062542,1.1995646,1.4165428,1.3902927,1.4088511,1.3788423,1.4958227,1.4661127,1.4642557,1.4924848,1.4448939,1.3883859,1.4605501,1.3569818,1.2327589
Nicaragua,NIC,Political Stability - Governance estimate (approx. -2.5 to +2.5),GOV_WGI_PV.EST,-0.3250112,-0.372116399999999,-0.402922,-0.4509313,-0.3908856,-0.2789194,-0.107965999999999,-0.2070926,-0.2757211,-0.5388003,-0.457223,-0.4628059,-0.3620672,-0.1441664,-0.176230399999999,-0.1674906,-0.181501599999999,-1.1119701,-0.944804499999999,-0.5232726,-0.4075357,-0.168460299999999
Niger,NER,Political Stability - Governance estimate (approx. -2.5 to +2.5),GOV_WGI_PV.EST,-0.3813939,-0.5421073,-0.245825799999999,-0.4852167,-0.4096853,-0.1317713,-0.3573665,-0.5913305,-0.9211855,-1.0817352,-0.758722799999999,-0.883146299999999,-0.934017,-0.9806619,-0.7994889,-0.944319999999999,-1.0412801,-1.1906754,-1.19014889999999,-1.502479,-1.4793091,-1.299076
Nigeria,NGA,Political Stability - Governance estimate (approx. -2.5 to +2.5),GOV_WGI_PV.EST,-1.6267513,-2.0636563,-1.8566436,-1.7245397,-1.7338852,-1.8286711,-1.70741109999999,-1.5994258,-1.48197129999999,-2.0245506,-1.9456535,-2.08835269999999,-1.98930569999999,-2.18554969999999,-1.66777129999999,-1.7100665,-1.90978539999999,-1.8854786,-1.97320729999999,-2.0090379,-2.0135756,-1.9526169
Niue,NIU,Political Stability - Governance estimate (approx. -2.5 to +2.5),GOV_WGI_PV.EST,..,..,..,..,..,..,..,..,1.6013433,1.5857688,1.5716047,1.5701095,1.5655411,1.5813217,..,..,..,1.0651969,1.3381797,1.3898044,1.3844083,1.3936962
North Macedonia,MKD,Political Stability - Governance estimate (approx. -2.5 to +2.5),GOV_WGI_PV.EST,-1.0865561,-1.2987171,-1.21823289999999,-0.789832099999999,-0.9533971,-0.6274535,-0.2627047,-0.183842099999999,-0.0911297,-0.453181499999999,-0.679646499999999,-0.399539,-0.4044213,0.2261526,-0.2204312,-0.3424451,-0.249481799999999,-0.1184433,0.0391432,0.0891281999999999,0.0908151,0.3218511
Norway,NOR,Political Stability - Governance estimate (approx. -2.5 to +2.5),GOV_WGI_PV.EST,1.5602332,1.5224853,1.1755929,1.062216,1.267795,1.2311357,1.2184257,1.3383189,1.413466,1.4149557,1.3466634,1.3326311,1.3123527,1.1999067,1.1710873,1.1454306,1.0956942,1.1115481,1.0766478,1.2049763,1.0721678,0.9197731
Oman,OMN,Political Stability - Governance estimate (approx. -2.5 to +2.5),GOV_WGI_PV.EST,1.0169263,0.9604254,1.0039655,0.9058704,0.9464385,0.8435712,0.8841773,0.8521682,0.8400494,0.5865685,0.3126716,0.3876466,0.3339536,0.5698008,0.6155394,0.5065831,0.5468563,0.5392522,0.5167644,0.468834,0.3902352,0.4399615
Pakistan,PAK,Political Stability - Governance estimate (approx. -2.5 to +2.5),GOV_WGI_PV.EST,-1.1873447,-1.64005539999999,-1.5829175,-1.55583989999999,-1.7357942,-1.87520239999999,-2.30062119999999,-2.4251193,-2.19812549999999,-2.45869169999999,-2.7114561,-2.6807174,-2.6678365,-2.46216149999999,-2.4299435,-2.3350493,-2.2184098,-1.9857782,-1.9293422,-1.5881564,-1.6496402,-1.7555938
Palau,PLW,Political Stability - Governance estimate (approx. -2.5 to +2.5),GOV_WGI_PV.EST,..,..,0.9514154,0.9474922,0.9705879,0.9803401,0.9964451,0.9944616,1.5889495,1.5781203,1.5682717,1.5672321,1.5640556,1.5750282,0.9559309,0.951395,1.1385207,1.14243,1.1436032,1.1429587,1.1404301,1.2446282
Panama,PAN,Political Stability - Governance estimate (approx. -2.5 to +2.5),GOV_WGI_PV.EST,0.103699,0.2858212,0.0824331,0.1001436,-0.0584832999999999,0.0855250999999999,0.112752,0.0710551,0.1158121,-0.0820154,-0.0424882,-0.0613991,-0.0995914,0.2814967,0.4833108,0.4612991,0.457992,0.364313,0.399288,0.3368353,0.3538332,0.428471
Papua New Guinea,PNG,Political Stability - Governance estimate (approx. -2.5 to +2.5),GOV_WGI_PV.EST,-0.267413,-0.844262299999999,-0.9055723,-0.771937499999999,-1.048107,-1.0799066,-0.9276787,-0.7838524,-0.9272324,-0.9409904,-0.9018493,-0.879075899999999,-0.7908101,-0.669148299999999,-0.693792299999999,-0.757626799999999,-0.8689907,-0.7969145,-0.799196999999999,-0.768714799999999,-0.747625099999999,-0.6856785
Paraguay,PRY,Political Stability - Governance estimate (approx. -2.5 to +2.5),GOV_WGI_PV.EST,-1.2346496,-1.3529771,-0.928342999999999,-0.3992694,-0.490811899999999,-0.5411225,-0.430481,-0.462138699999999,-0.4759748,-0.5333587,-0.5668194,-0.5745262,-0.6183216,0.0107526,0.0826536,0.0944783,-0.0283019999999999,-0.0337829,0.0355269,0.0082817,-0.0550381999999999,-0.0659073999999999
Peru,PER,Political Stability - Governance estimate (approx. -2.5 to +2.5),GOV_WGI_PV.EST,-1.29714669999999,-1.2329146,-1.2849879,-0.935565499999999,-0.914410899999999,-0.714552699999999,-0.5612623,-0.688819,-0.9293423,-0.7755101,-0.675414699999999,-0.698579899999999,-0.7062488,-0.4040664,-0.321351999999999,-0.1794896,-0.2242779,-0.1689403,-0.0888854999999999,-0.2963963,-0.334168099999999,-0.6566212
Philippines,PHL,Political Stability - Governance estimate (approx. -2.5 to +2.5),GOV_WGI_PV.EST,-1.44133579999999,-1.0320493,-1.5732442,-1.57951059999999,-1.1762537,-1.4720731,-1.4430777,-1.6629672,-1.6270742,-1.5826192,-1.3804409,-1.1706826,-1.0944308,-0.805762,-0.926818599999999,-1.4376683,-1.2792545,-1.06677739999999,-1.0094929,-0.9415427,-1.0935816,-0.899042399999999
Poland,POL,Political Stability - Governance estimate (approx. -2.5 to +2.5),GOV_WGI_PV.EST,0.47751,0.7259514,0.594482,0.2184787,0.5169171,0.3771151,0.7795685,0.9992473,0.9970056,1.1015819,1.0564513,1.0636907,0.9461127,1.0543362,1.0637346,0.5712287,0.6020499,0.630199,0.6735951,0.5545247,0.5651963,0.537484
Portugal,PRT,Political Stability - Governance estimate (approx. -2.5 to +2.5),GOV_WGI_PV.EST,1.3809911,1.4436178,1.3478882,0.9237518,1.0744066,0.9679647,0.874565,0.992239,0.8872701,0.773195,0.7839002,0.8412014,0.7633997,0.9403714,1.0004341,0.9588082,1.054818,1.0917404,0.9941251,0.9830461,0.9584396,0.8869409
Puerto Rico (US),PRI,Political Stability - Governance estimate (approx. -2.5 to +2.5),GOV_WGI_PV.EST,0.1617825,0.1639603,0.158783,0.3827225,0.411619,0.4145952,0.4890908,0.3528229,0.4099989,0.4065467,0.5022146,0.5744011,0.0987437999999999,0.6356965,0.642722,0.4983548,0.4048918,0.3034965,0.1081481,0.3722414,0.4249881,0.3070682
Qatar,QAT,Political Stability - Governance estimate (approx. -2.5 to +2.5),GOV_WGI_PV.EST,1.0665358,0.8904537,1.1757789,0.9882156,1.075569,1.0296695,1.0230326,1.0670583,1.3252517,1.1765666,1.0908808,1.1565419,1.1121079,1.1056965,0.9673463,0.8292355,0.8357284,0.8707185,0.882266,0.8905079,0.9259515,0.9163182
Reunion,REU,Political Stability - Governance estimate (approx. -2.5 to +2.5),GOV_WGI_PV.EST,..,..,..,0.145995,0.4394178,0.715717,0.723129,0.4504051,0.4611542,0.4506688,0.441133,0.4401265,0.4370508,0.2966689,0.2943098,0.2884358,0.2891555,0.294218,0.2957374,0.2949028,0.2916282,0.2972645
Romania,ROU,Political Stability - Governance estimate (approx. -2.5 to +2.5),GOV_WGI_PV.EST,-0.2809081,0.3557613,0.2297529,0.0299601,0.1428475,0.1502319,0.199074,0.2423665,0.3904071,0.1933713,0.1207194,0.0478106,0.143861,0.2061238,0.3468551,0.3246759,0.1382404,0.1435505,0.64527,0.6180826,0.6671952,0.5499041
Russian Federation,RUS,Political Stability - Governance estimate (approx. -2.5 to +2.5),GOV_WGI_PV.EST,-1.3108069,-0.853086799999999,-1.0155684,-1.20933509999999,-1.099717,-0.6963636,-0.6218038,-0.4620681,-0.6949206,-0.712889099999999,-0.940576499999999,-0.9015976,-0.8279576,-0.6996599,-0.7905888,-0.7684605,-0.5386198,-0.3681038,-0.3986491,-0.5068977,-0.5061895,-0.740939599999999
Rwanda,RWA,Political Stability - Governance estimate (approx. -2.5 to +2.5),GOV_WGI_PV.EST,-2.0788583,-1.9562225,-1.22904789999999,-1.258417,-1.1195935,-0.625557799999999,-0.371473,-0.2487036,-0.219369099999999,-0.2188587,-0.3008288,-0.2583623,-0.309006499999999,-0.1267104,0.0986635999999999,-0.0457773,0.094453,0.1598446,0.121607,0.1600853,0.115233,0.0294569
Samoa,WSM,Political Stability - Governance estimate (approx. -2.5 to +2.5),GOV_WGI_PV.EST,1.1101278,0.901918,1.1078116,0.8556429,1.0518826,1.0543719,0.9667139,1.0579764,0.9721693,0.8057585,0.9610651,0.9605068,0.958801,1.0732124,1.071904,1.0686461,1.0690453,0.9953036,1.1468478,1.1753028,1.1396511,1.2343417
San Marino,SMR,Political Stability - Governance estimate (approx. -2.5 to +2.5),GOV_WGI_PV.EST,..,..,0.9514154,0.9474922,0.9705879,0.9803401,0.9964451,0.9944616,1.5889495,1.5781203,1.5682717,1.5672321,1.5640556,1.5750282,1.3290711,1.3245352,1.3250909,1.3290002,1.2066984,1.2062355,1.2044193,1.3786309
Sao Tome and Principe,STP,Political Stability - Governance estimate (approx. -2.5 to +2.5),GOV_WGI_PV.EST,0.9031055,0.4524201,0.1485281,0.3360332,0.4933406,0.4054543,0.4716039,0.3647144,0.4775703,0.3709721,0.288448,0.2880403,0.393194,0.4791965,0.3792166,0.2641856,0.2145007,0.4666013,0.5232443,0.4748721,0.6052679,0.4930734
Saudi Arabia,SAU,Political Stability - Governance estimate (approx. -2.5 to +2.5),GOV_WGI_PV.EST,0.1175781,-0.0650862,0.0638615,-0.858023,-0.4301624,-0.608264199999999,-0.5518748,-0.3527902,-0.7085467,-0.295186399999999,-0.512941299999999,-0.5972185,-0.660277,-0.308626499999999,-0.4683535,-0.5059085,-0.667506399999999,-0.5983975,-0.5528727,-0.5528267,-0.4672131,-0.3617761
Senegal,SEN,Political Stability - Governance estimate (approx. -2.5 to +2.5),GOV_WGI_PV.EST,-0.5885307,-0.481927699999999,-0.4774697,-0.198026099999999,-0.2606176,-0.2918745,-0.213430999999999,-0.1839308,-0.0273215,-0.432497199999999,-0.333963,-0.1570391,-0.0972566,-0.0890915999999999,-0.0746024,-0.222101599999999,-0.1422197,-0.1420966,0.0630715999999999,-0.0271012,-0.1040585,-0.2028622
Serbia,SRB,Political Stability - Governance estimate (approx. -2.5 to +2.5),GOV_WGI_PV.EST,-1.7933712,-0.6071111,-0.6791377,-0.608772699999999,-0.738603599999999,-0.5940373,-0.3876119,-0.243904099999999,-0.2142355,-0.221943399999999,-0.196118699999999,-0.1119391,-0.0234258,0.1732464,0.2787874,0.1629002,0.1168497,0.1163728,0.0620767,-0.0681568,-0.0436914,-0.0525867
Seychelles,SYC,Political Stability - Governance estimate (approx. -2.5 to +2.5),GOV_WGI_PV.EST,1.0050037,0.7486297,0.4447377,0.4769822,0.7634168,0.8025655,0.7385402,0.7046564,0.6419829,0.8564804,0.7752841,0.7257334,0.7331354,0.4579186,0.7647495,0.7625994,0.813523,0.7800693,0.6921848,0.727409,0.7262104,0.8411889
Sierra Leone,SLE,Political Stability - Governance estimate (approx. -2.5 to +2.5),GOV_WGI_PV.EST,-2.1835343,-0.9877052,-1.0119464,-0.407134499999999,-0.432268999999999,-0.2419056,-0.1552927,-0.278660099999999,-0.274347599999999,-0.237476,-0.2639912,-0.2587444,-0.10195,-0.1346918,-0.0242965,-0.2703676,-0.1470976,-0.2065515,-0.1611098,-0.366900299999999,-0.2367225,-0.265426899999999
Singapore,SGP,Political Stability - Governance estimate (approx. -2.5 to +2.5),GOV_WGI_PV.EST,1.1045472,1.1440472,0.8806358,1.0349931,1.1381609,1.2280811,1.1413902,1.2892238,1.2287248,1.1901335,1.1188701,1.256811,1.232658,1.0665318,1.1123429,1.2788614,1.3859813,1.2994328,1.2580714,1.2855556,1.2816641,1.164789
Slovak Republic,SVK,Political Stability - Governance estimate (approx. -2.5 to +2.5),GOV_WGI_PV.EST,0.8799863,1.0121181,0.9388736,0.5309546,0.9433959,0.8660439,1.1269348,1.1240183,0.9286424,1.12655,0.9502652,1.0152253,1.0379263,1.1421663,0.944233,0.7354497,0.8542516,0.7129564,0.6744971,0.6167177,0.5857562,0.5294743
Slovenia,SVN,Political Stability - Governance estimate (approx. -2.5 to +2.5),GOV_WGI_PV.EST,1.1189496,1.3176682,1.1458901,0.9460107,1.1193612,1.1268888,1.1909245,1.2184658,1.1668873,1.0753011,1.1136359,0.9825256,0.8890197,1.054531,1.0294179,1.0204175,0.9455099,0.9840178,0.9481029,0.7478672,0.7356372,0.7749516
Solomon Islands,SLB,Political Stability - Governance estimate (approx. -2.5 to +2.5),GOV_WGI_PV.EST,-0.801401799999999,-0.523181,-0.00359009999999999,-0.2353602,-0.158465599999999,-0.0672793,0.1237461,0.1231216,0.3268674,0.3572344,0.3523933,0.3518822,0.3503208,0.5553271,0.6020153,0.360596,0.1156377,0.3816525,0.4195676,0.5368126,0.4456005,0.7315157
"Somalia, Fed. Rep.",SOM,Political Stability - Governance estimate (approx. -2.5 to +2.5),GOV_WGI_PV.EST,-2.3846883,-2.2473901,-2.5761377,-2.6425033,-2.5984936,-2.62080069999999,-3.0518932,-3.0127129,-2.88051999999999,-2.9277889,-3.01651169999999,-2.90139839999999,-2.85136569999999,-2.4369844,-2.2815589,-2.2701767,-2.022776,-2.06147769999999,-2.0704895,-2.3507544,-2.60696149999999,-2.092858
South Africa,ZAF,Political Stability - Governance estimate (approx. -2.5 to +2.5),GOV_WGI_PV.EST,-0.3188879,-0.3584803,-0.253324999999999,-0.0156781,-0.0157871999999999,-0.0093215,0.1867521,-0.0131431999999999,-0.0633762,-0.0522329999999999,-0.0426331999999999,-0.1220725,-0.2582732,-0.2307109,-0.3104761,-0.3379116,-0.3828321,-0.299383199999999,-0.338256499999999,-0.2489513,-0.7738081,-0.6842882
South Sudan,SSD,Political Stability - Governance estimate (approx. -2.5 to +2.5),GOV_WGI_PV.EST,..,..,..,..,..,..,..,..,..,..,-1.51136989999999,-1.4983578,-2.0671128,-2.5030889,-2.2792733,-2.33343,-2.44555199999999,-2.3307387,-2.39114589999999,-2.1055063,-2.21948739999999,-1.6425543
Spain,ESP,Political Stability - Governance estimate (approx. -2.5 to +2.5),GOV_WGI_PV.EST,0.3156821,0.2176146,0.0877584,0.0371024,0.261734,0.1286074,0.0389644,0.0178462,-0.0134364999999999,0.0213027,0.2026668,0.1447381,0.0980042,0.4826214,0.4353383,0.425985,0.280621,0.3346558,0.267048,0.2956928,0.38323,0.1569762
Sri Lanka,LKA,Political Stability - Governance estimate (approx. -2.5 to +2.5),GOV_WGI_PV.EST,-1.9678201,-1.0484749,-1.0793401,-1.1602654,-1.1869001,-1.4554966,-1.6920216,-1.6597233,-1.1197381,-0.779023999999999,-0.7674257,-0.9606693,-0.8585581,-0.553597999999999,-0.0885947,-0.1436337,-0.179121299999999,-0.2597255,-0.173798099999999,-0.1154138,-0.510938,-0.7621199
St. Kitts and Nevis,KNA,Political Stability - Governance estimate (approx. -2.5 to +2.5),GOV_WGI_PV.EST,..,..,0.9514154,1.1734496,1.2433007,1.24579,0.7853715,0.9072236,1.3307327,1.0581227,0.9304755,0.9299172,0.9282114,0.6712051,0.663933,0.6608669,0.6612426,0.6638851,0.6646782,0.9164728,0.9147636,0.9177056
St. Lucia,LCA,Political Stability - Governance estimate (approx. -2.5 to +2.5),GOV_WGI_PV.EST,0.9579328,0.2436254,0.9514154,1.0723427,1.0138788,0.9245992,0.5865391,0.5860328,0.9341655,0.8287007,0.8234119,0.8228537,0.8211478,0.7556725,0.7434287,0.9130972,0.8668533,0.8694958,0.8702889,0.8698532,0.868144,1.0438207
St. Vincent and the Grenadines,VCT,Political Stability - Governance estimate (approx. -2.5 to +2.5),GOV_WGI_PV.EST,0.9579328,0.2436254,0.5918958,0.9346896,1.1502148,1.1081368,0.7700767,0.7695704,0.9800499,0.8287007,0.8234119,0.8687381,0.8211478,0.7556725,0.9161633,0.9130972,0.7873576,0.7900001,0.9169085,1.0425879,1.0408786,1.0438207
Sudan,SDN,Political Stability - Governance estimate (approx. -2.5 to +2.5),GOV_WGI_PV.EST,-2.48042349999999,-2.22014249999999,-2.20842359999999,-1.6820213,-2.1100103,-2.259785,-2.3622558,-2.4098968,-2.43933719999999,-2.4305404,-2.3438684,-2.3155934,-2.2572174,-2.2236606,-2.0365601,-2.16225439999999,-1.9473364,-1.71645009999999,-1.65533209999999,-1.3881394,-1.7826483,-1.92571989999999
Suriname,SUR,Political Stability - Governance estimate (approx. -2.5 to +2.5),GOV_WGI_PV.EST,0.1772732,0.445148,0.4323713,0.1921968,0.36885,0.0370164,0.0767371999999999,0.2012169,0.2538588,0.1307885,0.079854,0.0654961999999999,0.0569667,0.2245948,0.2981115,0.1759261,0.1667453,0.1496981,0.1321528,0.4628889,0.3607899,0.2466594
Sweden,SWE,Political Stability - Governance estimate (approx. -2.5 to +2.5),GOV_WGI_PV.EST,1.4774528,1.3874604,1.3494061,1.1927792,1.2767716,1.2225897,1.2872983,1.173552,1.1691057,1.0865676,1.1573733,1.1548415,1.0499372,1.0182733,0.9288589,0.9187513,0.8668924,0.928959,0.9427192,0.955794,0.9471541,0.9419053
Switzerland,CHE,Political Stability - Governance estimate (approx. -2.5 to +2.5),GOV_WGI_PV.EST,1.5863519,1.4788464,1.2468777,1.0757323,1.218829,1.1903535,1.2052735,1.2047806,1.3143325,1.3107684,1.3512353,1.3809599,1.3427758,1.422405,1.2751929,1.2064894,1.1641565,1.2552678,1.2001317,1.1126481,1.0255347,1.0254452
Syrian Arab Republic,SYR,Political Stability - Governance estimate (approx. -2.5 to +2.5),GOV_WGI_PV.EST,-0.4015513,0.0696956,-0.0276145,-0.3785497,-0.4639644,-0.5325263,-0.563163499999999,-0.5948264,-0.5265063,-1.1174939,-2.13376019999999,-2.4554347,-2.46599079999999,-2.34971829999999,-2.4382136,-2.5955347,-2.4453795,-2.4238579,-2.4527063,-2.35367569999999,-2.37452369999999,-2.43824749999999
"Taiwan, China",TWN,Political Stability - Governance estimate (approx. -2.5 to +2.5),GOV_WGI_PV.EST,0.7647694,0.9041644,0.8211044,0.6718428,0.9363207,0.8039148,0.7080719,0.9421712,0.8472601,1.0424399,1.0207087,1.0422914,0.9791364,0.936632,1.0740405,1.0323174,1.0259424,1.0213324,1.0164038,1.0701128,1.056929,1.0311975
Tajikistan,TJK,Political Stability - Governance estimate (approx. -2.5 to +2.5),GOV_WGI_PV.EST,-1.85786229999999,-1.0721136,-1.1484127,-1.1567713,-1.2068587,-1.2222534,-0.6060932,-0.7060293,-0.780627899999999,-0.8701472,-0.9993314,-1.0705181,-1.0538059,-0.6152413,-0.744602299999999,-0.7460947,-0.6533475,-0.672519099999999,-0.4236664,-0.3288928,-0.3984715,-0.4282098
Tanzania,TZA,Political Stability - Governance estimate (approx. -2.5 to +2.5),GOV_WGI_PV.EST,-1.01262799999999,-0.6175252,-1.0209242,-0.6706073,-0.575043299999999,-0.383899,-0.3502593,-0.2456073,0.0190977,-0.05765,-0.159101,-0.1246002,-0.4223495,-0.5068917,-0.476783499999999,-0.537573,-0.683829799999999,-0.664168099999999,-0.5522151,-0.6629379,-0.5751002,-0.4815853
Thailand,THA,Political Stability - Governance estimate (approx. -2.5 to +2.5),GOV_WGI_PV.EST,0.5759091,0.2841788,-0.165002899999999,-0.5992561,-0.8216996,-1.0498077,-1.0329101,-1.1647166,-1.1126951,-1.2331956,-1.1386768,-1.22129129999999,-1.3578088,-1.1368246,-1.156024,-1.12638439999999,-0.984692599999999,-0.979869,-0.588531399999999,-0.7333386,-0.6963747,-0.5671596
Timor-Leste,TLS,Political Stability - Governance estimate (approx. -2.5 to +2.5),GOV_WGI_PV.EST,0.2388936,-0.8262868,-0.514518199999999,-0.508425999999999,-0.8038797,-1.1527962,-1.0834494,-0.783746899999999,-0.6476333,-0.591676099999999,-0.5916549,-0.4206058,-0.5293114,-0.3601212,-0.427259699999999,-0.1166,0.0703179999999999,0.2487237,0.2676531,0.2673205,0.2660158,0.4239118
Togo,TGO,Political Stability - Governance estimate (approx. -2.5 to +2.5),GOV_WGI_PV.EST,-0.434510599999999,-0.237538399999999,-0.5357911,-0.6772941,-1.8551464,-0.935167699999999,-0.560980599999999,-0.3522146,-0.4185216,-0.3792993,-0.3850113,-0.6511156,-0.5059279,-0.3001357,-0.411126999999999,-0.280199,-0.835878399999999,-0.8728328,-0.8504632,-0.8075061,-0.6682329,-0.760395399999999
Tonga,TON,Political Stability - Governance estimate (approx. -2.5 to +2.5),GOV_WGI_PV.EST,..,..,0.4720559,0.5992819,0.5996241,0.479755,0.3331131,0.3326067,0.4609269,0.7566171,0.9020811,0.9015228,0.899817,0.93921,0.9379016,0.9346438,0.8010403,0.8562319,1.0102973,1.1156731,1.111896,1.3674794
Trinidad and Tobago,TTO,Political Stability - Governance estimate (approx. -2.5 to +2.5),GOV_WGI_PV.EST,-0.052021,-0.238491799999999,-0.299185,-0.0608168,-0.0605903,-0.1894815,-0.0722563,0.0274032,0.0338379,0.0412562,0.1409464,0.1326034,0.0741233999999999,0.1740197,0.0718896,0.0441046,0.0748617,0.1156046,0.0986674999999999,0.059501,0.1561926,0.3498483
Tunisia,TUN,Political Stability - Governance estimate (approx. -2.5 to +2.5),GOV_WGI_PV.EST,0.2330163,0.0705368,0.2633531,-0.0348107999999999,-0.0900783,-0.0234038,0.00952819999999999,-0.112096999999999,-0.120559199999999,-0.255652,-0.3780941,-0.673659999999999,-0.8919899,-0.6013407,-0.681206,-0.8275855,-0.7432926,-0.5600278,-0.5613583,-0.4326193,-0.6668946,-0.7395623
Turkiye,TUR,Political Stability - Governance estimate (approx. -2.5 to +2.5),GOV_WGI_PV.EST,-0.527191899999999,-0.4967605,-0.6244676,-0.6779818,-0.3737719,-0.3387985,-0.5833298,-0.604511399999999,-0.552292999999999,-0.5486911,-0.6966163,-0.9196869,-1.0321782,-0.7998074,-1.10934889999999,-1.7801696,-1.70623179999999,-1.1241116,-1.1924541,-1.0396051,-0.9721057,-0.935033599999999
Turkmenistan,TKM,Political Stability - Governance estimate (approx. -2.5 to +2.5),GOV_WGI_PV.EST,0.1474683,0.0762009,-0.032937,-0.2678133,0.00244879999999999,-0.2928338,0.1474449,0.3188316,0.3231146,0.3024549,0.2327283,0.232102,0.2343309,0.0147681,-0.126391199999999,-0.2753346,-0.2289187,-0.1316848,-0.2189823,-0.1270103,-0.224582999999999,0.2106842
Tuvalu,TUV,Political Stability - Governance estimate (approx. -2.5 to +2.5),GOV_WGI_PV.EST,..,..,0.9514154,0.9262076,1.3245166,1.3279824,1.3337059,1.333001,1.5568619,1.5510465,1.5457577,1.5451994,1.5434936,1.549386,1.3290711,1.3245352,1.1385207,1.3290002,1.1436032,1.234863,1.2851524,1.4735212
Uganda,UGA,Political Stability - Governance estimate (approx. -2.5 to +2.5),GOV_WGI_PV.EST,-1.62262509999999,-1.6418571,-1.69698249999999,-1.15674339999999,-1.306617,-0.991477699999999,-0.728621499999999,-0.6599792,-0.6855047,-0.7511675,-0.8769625,-0.860416499999999,-0.8925868,-0.9764218,-0.7914315,-0.8144743,-0.6855171,-0.7395762,-0.7746479,-0.842814499999999,-0.9440307,-1.0920608
Ukraine,UKR,Political Stability - Governance estimate (approx. -2.5 to +2.5),GOV_WGI_PV.EST,-0.4992464,-0.240717899999999,-0.3714753,-0.5577038,-0.3902796,-0.184901099999999,0.0450846,-0.033573,-0.2283028,-0.0505126,-0.1696208,-0.2458009,-0.961241199999999,-1.99283679999999,-1.8064426,-1.6309394,-1.590004,-1.4461552,-1.0320239,-0.9599236,-0.990563099999999,-1.05075649999999
United Arab Emirates,ARE,Political Stability - Governance estimate (approx. -2.5 to +2.5),GOV_WGI_PV.EST,0.9921535,1.0774647,0.9511885,0.5785839,0.7985672,0.9097486,1.0198691,0.7281536,1.0855231,0.8134966,0.8143482,0.8029803,0.7738837,0.8984847,0.8382509,0.6925969,0.7192871,0.8336611,0.8295526,0.826942,0.839581,0.883216
United Kingdom,GBR,Political Stability - Governance estimate (approx. -2.5 to +2.5),GOV_WGI_PV.EST,1.097531,0.548758,0.4196093,0.3484335,0.3958598,0.6600601,0.6958935,0.6464798,0.4928367,0.5937485,0.4317992,0.4684142,0.4599947,0.5436244,0.537112,0.4498582,0.4406625,0.2825929,0.5681497,0.5102213,0.4363658,0.3676912
United States,USA,Political Stability - Governance estimate (approx. -2.5 to +2.5),GOV_WGI_PV.EST,1.0044581,0.3794999,0.2636677,0.0797789,0.1993466,0.4194245,0.4595604,0.629976,0.6411914,0.6163511,0.6245434,0.6207484,0.5795227,0.6681229,0.6658794,0.3279152,0.1101294,0.2904961,0.0546375,-0.146807,-0.126399999999999,-0.1626087
Uruguay,URY,Political Stability - Governance estimate (approx. -2.5 to +2.5),GOV_WGI_PV.EST,0.8244769,0.7788706,0.6814346,0.5115505,0.8238091,1.0267236,1.0641961,1.056881,1.0283689,0.8893764,0.9289706,0.8849499,0.9211706,1.1017263,1.0884414,1.1217056,1.1129983,1.1130252,1.1553614,1.1512208,1.1500797,1.3035622
Uzbekistan,UZB,Political Stability - Governance estimate (approx. -2.5 to +2.5),GOV_WGI_PV.EST,-1.20219759999999,-0.971751399999999,-1.33981139999999,-1.2856128,-1.8095801,-1.5779657,-1.12814899999999,-0.995043799999999,-0.862932799999999,-0.650179,-0.611603999999999,-0.561242799999999,-0.5624156,-0.2604881,-0.3053458,-0.2080446,-0.2138791,-0.2119487,-0.2167593,-0.3614058,-0.221247,-0.2325524
Vanuatu,VUT,Political Stability - Governance estimate (approx. -2.5 to +2.5),GOV_WGI_PV.EST,0.9027244,0.9101063,0.6379237,0.4063828,1.2631573,1.2662279,1.1581012,1.0843736,1.3114121,1.34809,1.3432489,1.4555456,1.4539841,1.1753946,0.6849315,0.6867152,0.8525004,1.021257,1.0281545,0.9435444,0.9586235,0.9784231
"Venezuela, RB",VEN,Political Stability - Governance estimate (approx. -2.5 to +2.5),GOV_WGI_PV.EST,-0.7443814,-1.3442093,-1.2032513,-1.2731843,-1.1780576,-1.26288169999999,-1.2199871,-1.2866765,-1.2678968,-1.3612278,-1.26001909999999,-1.2182009,-1.3240347,-1.1741498,-1.1927697,-1.2150045,-1.38006459999999,-1.4649999,-1.5120562,-1.4257071,-1.2895082,-1.1268117
Viet Nam,VNM,Political Stability - Governance estimate (approx. -2.5 to +2.5),GOV_WGI_PV.EST,0.2924713,0.385333,0.1353139,-0.0062905,0.3438984,0.3001579,0.1530738,0.0487952,0.1922119,0.1198679,0.125534,0.1055642,0.1154209,-0.0126942,0.0681785999999999,0.1824971,0.1500179,-0.0542592999999999,0.0916744999999999,0.1302346,0.1345844,0.1227944
Virgin Islands (U.S.),VIR,Political Stability - Governance estimate (approx. -2.5 to +2.5),GOV_WGI_PV.EST,..,..,..,0.4974275,0.4602395,0.6434598,0.6483749,0.6477695,0.6548975,0.6479444,0.8218651,0.8211976,0.819158,1.2267455,1.2251811,0.8121773,0.8126545,0.8160116,0.977236,0.9766825,0.5654024,0.9782486
West Bank and Gaza,PSE,Political Stability - Governance estimate (approx. -2.5 to +2.5),GOV_WGI_PV.EST,-1.890909,-1.8894191,-1.40785419999999,-1.2175,-1.4705309,-1.6581857,-1.7258722,-1.8396941,-1.75952669999999,-1.76941969999999,-1.8788223,-1.9475989,-1.8005748,-1.67333699999999,-1.7310474,-1.69362899999999,-1.3682541,-1.46491939999999,-1.523121,-1.7401966,-1.6333144,-1.5318512
"Yemen, Rep.",YEM,Political Stability - Governance estimate (approx. -2.5 to +2.5),GOV_WGI_PV.EST,-1.6559503,-1.7068902,-1.65483999999999,-1.6316202,-1.53964149999999,-1.3547567,-1.6075967,-2.1003894,-2.0874785,-2.41400459999999,-2.4714962,-2.36775559999999,-2.41980069999999,-2.52247629999999,-2.52514609999999,-2.6405037,-2.7305026,-2.7242925,-2.6172209,-2.65635899999999,-2.6676713,-2.61245769999999
Zambia,ZMB,Political Stability - Governance estimate (approx. -2.5 to +2.5),GOV_WGI_PV.EST,0.0286969,-0.370585899999999,-0.1153273,-0.1571999,-0.0427972,0.2636446,0.2841869,0.2479511,0.3834137,0.3740582,0.3931833,0.4568964,0.3124934,-0.0580544,0.0822748,-0.2072561,-0.211101999999999,-0.2916638,-0.3690652,-0.3679359,-0.158277199999999,0.0456326
Zimbabwe,ZWE,Political Stability - Governance estimate (approx. -2.5 to +2.5),GOV_WGI_PV.EST,-1.3514121,-1.6078263,-1.4557018,-1.5430146,-1.551972,-1.3010141,-1.4174911,-1.6376435,-1.56337369999999,-1.4606594,-1.2521569,-1.2758713,-1.0050314,-0.976551899999999,-0.856518799999999,-0.9112005,-0.8348774,-0.824492,-0.984582,-1.0459616,-1.0184197,-0.8261001
,,,,,,,,,,,,,,,,,,,,,,,,,
,,,,,,,,,,,,,,,,,,,,,,,,,
,,,,,,,,,,,,,,,,,,,,,,,,,
Data from database: Worldwide Governance Indicators,,,,,,,,,,,,,,,,,,,,,,,,,
Last Updated: 03/18/2026,,,,,,,,,,,,,,,,,,,,,,,,,
